pdf,thumb
/assets/papers/1.pdf,/assets/paper_thumbs/1.png
/assets/papers/12864_2025_Article_11426.pdf,/assets/paper_thumbs/12864_2025_Article_11426.png
/assets/papers/14-3-3 phosphoprotein interaction networks - does isoform diversity present functional interaction specification.pdf,/assets/paper_thumbs/14-3-3 phosphoprotein interaction networks - does isoform diversity present functional interaction specification.png
/assets/papers/1707.pdf,/assets/paper_thumbs/1707.png
/assets/papers/1814_ftp.pdf,/assets/paper_thumbs/1814_ftp.png
/assets/papers/2016-correction-for-boothby-et-al-evidence-for-extensive-horizontal-gene-transfer-from-the-draft-genome-of-a-tardigrade.pdf,/assets/paper_thumbs/2016-correction-for-boothby-et-al-evidence-for-extensive-horizontal-gene-transfer-from-the-draft-genome-of-a-tardigrade.png
/assets/papers/2763.pdf,/assets/paper_thumbs/2763.png
/assets/papers/3065-09.pdf,/assets/paper_thumbs/3065-09.png
/assets/papers/40168_2024_Article_1864 (1).pdf,/assets/paper_thumbs/40168_2024_Article_1864 (1).png
/assets/papers/40168_2024_Article_1864.pdf,/assets/paper_thumbs/40168_2024_Article_1864.png
/assets/papers/40168_2024_Article_1916 (1).pdf,/assets/paper_thumbs/40168_2024_Article_1916 (1).png
/assets/papers/40168_2024_Article_1916.pdf,/assets/paper_thumbs/40168_2024_Article_1916.png
/assets/papers/41467_2025_Article_57239.pdf,/assets/paper_thumbs/41467_2025_Article_57239.png
/assets/papers/41522_2024_Article_545.pdf,/assets/paper_thumbs/41522_2024_Article_545.png
/assets/papers/41526_2024_Article_392.pdf,/assets/paper_thumbs/41526_2024_Article_392.png
/assets/papers/41526_2024_Article_419 (1).pdf,/assets/paper_thumbs/41526_2024_Article_419 (1).png
/assets/papers/41526_2024_Article_419.pdf,/assets/paper_thumbs/41526_2024_Article_419.png
/assets/papers/41526_2024_Article_424 (1).pdf,/assets/paper_thumbs/41526_2024_Article_424 (1).png
/assets/papers/41526_2024_Article_424.pdf,/assets/paper_thumbs/41526_2024_Article_424.png
/assets/papers/41598_2019_Article_44696.pdf,/assets/paper_thumbs/41598_2019_Article_44696.png
/assets/papers/41598_2025_Article_90212.pdf,/assets/paper_thumbs/41598_2025_Article_90212.png
/assets/papers/41598_2025_Article_94761.pdf,/assets/paper_thumbs/41598_2025_Article_94761.png
/assets/papers/42003_2024_Article_7042 (1).pdf,/assets/paper_thumbs/42003_2024_Article_7042 (1).png
/assets/papers/42003_2024_Article_7042.pdf,/assets/paper_thumbs/42003_2024_Article_7042.png
/assets/papers/49_24035.pdf,/assets/paper_thumbs/49_24035.png
/assets/papers/514.pdf,/assets/paper_thumbs/514.png
/assets/papers/A combined computational strategy of sequence and structural analysis predicts the existence of a functional eicosanoid pathway in Drosophila melanoga.pdf,/assets/paper_thumbs/A combined computational strategy of sequence and structural analysis predicts the existence of a functional eicosanoid pathway in Drosophila melanoga.png
"/assets/papers/A comprehensive SARS-CoV-2 and COVID-19 review, Part 1 Intracellular overdrive for SARS-CoV-2 infection..pdf","/assets/paper_thumbs/A comprehensive SARS-CoV-2 and COVID-19 review, Part 1 Intracellular overdrive for SARS-CoV-2 infection..png"
"/assets/papers/A comprehensive SARS-CoV-2 and COVID-19 review, Part 2 Host extracellular to systemic effects of SARS-CoV-2 infection.pdf","/assets/paper_thumbs/A comprehensive SARS-CoV-2 and COVID-19 review, Part 2 Host extracellular to systemic effects of SARS-CoV-2 infection.png"
"/assets/papers/A conditional mutation in SCD1 reveals linkage between PIN protein trafficking, auxin transport, gravitropism, and lateral root initiation..pdf","/assets/paper_thumbs/A conditional mutation in SCD1 reveals linkage between PIN protein trafficking, auxin transport, gravitropism, and lateral root initiation..png"
/assets/papers/A method for preparing spaceflight RNAlater-fixed Arabidopsis thaliana (Brassicaceae) tissue for scanning electron microscopy..pdf,/assets/paper_thumbs/A method for preparing spaceflight RNAlater-fixed Arabidopsis thaliana (Brassicaceae) tissue for scanning electron microscopy..png
/assets/papers/A multi-omics longitudinal study of the murine retinal response to chronic low-dose irradiation and simulated microgravity..pdf,/assets/paper_thumbs/A multi-omics longitudinal study of the murine retinal response to chronic low-dose irradiation and simulated microgravity..png
/assets/papers/A parasitoid wasp of Drosophila employs preemptive and reactive strategies to deplete its host_s blood cells.pdf,/assets/paper_thumbs/A parasitoid wasp of Drosophila employs preemptive and reactive strategies to deplete its host_s blood cells.png
/assets/papers/APS3-6-e01197.pdf,/assets/paper_thumbs/APS3-6-e01197.png
/assets/papers/Absence of gamma-sarcoglycan alters the response of p70S6 kinase to mechanical perturbation in murine skeletal muscle.pdf,/assets/paper_thumbs/Absence of gamma-sarcoglycan alters the response of p70S6 kinase to mechanical perturbation in murine skeletal muscle.png
/assets/papers/Acceleration profiles and processing methods for parabolic flight..pdf,/assets/paper_thumbs/Acceleration profiles and processing methods for parabolic flight..png
/assets/papers/Acute exposure to high dose gamma-radiation results in transient activation of bone lining cells.pdf,/assets/paper_thumbs/Acute exposure to high dose gamma-radiation results in transient activation of bone lining cells.png
/assets/papers/Adaptive Changes in the Vestibular System of Land Snail to a 30-Day Spaceflight and Readaptation on Return to Earth.pdf,/assets/paper_thumbs/Adaptive Changes in the Vestibular System of Land Snail to a 30-Day Spaceflight and Readaptation on Return to Earth.png
/assets/papers/Age-related alterations in the sarcolemmal environment are attenuated by lifelong caloric restriction and voluntary exercise..pdf,/assets/paper_thumbs/Age-related alterations in the sarcolemmal environment are attenuated by lifelong caloric restriction and voluntary exercise..png
/assets/papers/Aging and estrogen status A possible endothelium-dependent vascular coupling mechanism in bone remodeling..pdf,/assets/paper_thumbs/Aging and estrogen status A possible endothelium-dependent vascular coupling mechanism in bone remodeling..png
/assets/papers/Aging and putative frailty biomarkers are altered by spaceflight.pdf,/assets/paper_thumbs/Aging and putative frailty biomarkers are altered by spaceflight.png
/assets/papers/Alterations in the Spectrum of Spontaneous Rifampicin-Resistance Mutations in the Bacillus subtilis rpoB Gene after Cultivation in the Human Spaceflig.pdf,/assets/paper_thumbs/Alterations in the Spectrum of Spontaneous Rifampicin-Resistance Mutations in the Bacillus subtilis rpoB Gene after Cultivation in the Human Spaceflig.png
/assets/papers/Altered disc compression in children with idiopathic low back pain an upright magnetic resonance imaging backpack study.pdf,/assets/paper_thumbs/Altered disc compression in children with idiopathic low back pain an upright magnetic resonance imaging backpack study.png
/assets/papers/Altered quorum sensing and physiology of Staphylococcus aureus during spaceflight detected by multi-omics data analysis.pdf,/assets/paper_thumbs/Altered quorum sensing and physiology of Staphylococcus aureus during spaceflight detected by multi-omics data analysis.png
/assets/papers/An extensive allelic series of Drosophila kae1 mutants reveals diverse and tissue-specific requirements for t6A biogenesis.pdf,/assets/paper_thumbs/An extensive allelic series of Drosophila kae1 mutants reveals diverse and tissue-specific requirements for t6A biogenesis.png
/assets/papers/Analysis of interactions of Salmonella type three secretion mutants with 3-D intestinal epithelial cells..pdf,/assets/paper_thumbs/Analysis of interactions of Salmonella type three secretion mutants with 3-D intestinal epithelial cells..png
/assets/papers/Analyzing the relationship between gene expression and phenotype in space-flown mice using a causal inference machine learning ensemble..pdf,/assets/paper_thumbs/Analyzing the relationship between gene expression and phenotype in space-flown mice using a causal inference machine learning ensemble..png
/assets/papers/Apollo Lunar Astronauts Show Higher Cardiovascular Disease Mortality Possible Deep Space Radiation Effects on the Vascular Endothelium.pdf,/assets/paper_thumbs/Apollo Lunar Astronauts Show Higher Cardiovascular Disease Mortality Possible Deep Space Radiation Effects on the Vascular Endothelium.png
/assets/papers/Articular cartilage and sternal fibrocartilage respond differently to extended microgravity..pdf,/assets/paper_thumbs/Articular cartilage and sternal fibrocartilage respond differently to extended microgravity..png
/assets/papers/Assessing the risk of transfer of microorganisms at the International Space Station due to cargo delivery by commercial resupply vehicles.pdf,/assets/paper_thumbs/Assessing the risk of transfer of microorganisms at the International Space Station due to cargo delivery by commercial resupply vehicles.png
/assets/papers/Astronaut omics and the impact of space on the human body at scale.pdf,/assets/paper_thumbs/Astronaut omics and the impact of space on the human body at scale.png
/assets/papers/AtRabD2b and AtRabD2c have overlapping functions in pollen development and pollen tube growth..pdf,/assets/paper_thumbs/AtRabD2b and AtRabD2c have overlapping functions in pollen development and pollen tube growth..png
/assets/papers/BIOMGB-000016-024103_1.pdf,/assets/paper_thumbs/BIOMGB-000016-024103_1.png
/assets/papers/BMRI2015-475935.pdf,/assets/paper_thumbs/BMRI2015-475935.png
/assets/papers/BMRI2015-976458.pdf,/assets/paper_thumbs/BMRI2015-976458.png
/assets/papers/Back pain in space and post-flight spine injury Mechanisms and countermeasure development.pdf,/assets/paper_thumbs/Back pain in space and post-flight spine injury Mechanisms and countermeasure development.png
/assets/papers/Biofilm formation of Pseudomonas aeruginosa in spaceflight is minimized on lubricant impregnated surfaces..pdf,/assets/paper_thumbs/Biofilm formation of Pseudomonas aeruginosa in spaceflight is minimized on lubricant impregnated surfaces..png
/assets/papers/Biological horizons pioneering open science in the cosmos.pdf,/assets/paper_thumbs/Biological horizons pioneering open science in the cosmos.png
/assets/papers/Bioreactor development for skeletal muscle hypertrophy and atrophy by manipulating uniaxial cyclic strain Proof of concept..pdf,/assets/paper_thumbs/Bioreactor development for skeletal muscle hypertrophy and atrophy by manipulating uniaxial cyclic strain Proof of concept..png
/assets/papers/Bone Marrow Adipose Tissue Deficiency Increases Disuse-Induced Bone Loss in Male Mice.pdf,/assets/paper_thumbs/Bone Marrow Adipose Tissue Deficiency Increases Disuse-Induced Bone Loss in Male Mice.png
/assets/papers/Burn injury-associated MHCII(+) immune cell accumulation around lymphatic vessels of the mesentery and increased lymphatic endothelial permeability ar.pdf,/assets/paper_thumbs/Burn injury-associated MHCII(+) immune cell accumulation around lymphatic vessels of the mesentery and increased lymphatic endothelial permeability ar.png
"/assets/papers/Calcium, mechanical signaling, and tip growth.pdf","/assets/paper_thumbs/Calcium, mechanical signaling, and tip growth.png"
/assets/papers/Cardiovascular progenitor cells cultured aboard the International Space Station exhibit altered developmental and functional properties.pdf,/assets/paper_thumbs/Cardiovascular progenitor cells cultured aboard the International Space Station exhibit altered developmental and functional properties.png
/assets/papers/Changes in Mouse Thymus and Spleen after Return from the STS-135 Mission in Space.pdf,/assets/paper_thumbs/Changes in Mouse Thymus and Spleen after Return from the STS-135 Mission in Space.png
/assets/papers/Characterization of Aspergillus niger Isolated from the International Space Station.pdf,/assets/paper_thumbs/Characterization of Aspergillus niger Isolated from the International Space Station.png
/assets/papers/Characterization of gene expression profiles in the mouse brain after 35 days of spaceflight mission..pdf,/assets/paper_thumbs/Characterization of gene expression profiles in the mouse brain after 35 days of spaceflight mission..png
/assets/papers/Characterization of metagenome-assembled genomes from the International Space Station..pdf,/assets/paper_thumbs/Characterization of metagenome-assembled genomes from the International Space Station..png
/assets/papers/Characterization of metagenome-assembled genomes from the International Space Station.pdf,/assets/paper_thumbs/Characterization of metagenome-assembled genomes from the International Space Station.png
/assets/papers/Characterization of the Salmonella enterica serovar Typhimurium ydcI gene which encodes a conserved DNA binding protein required for full acid stress.pdf,/assets/paper_thumbs/Characterization of the Salmonella enterica serovar Typhimurium ydcI gene which encodes a conserved DNA binding protein required for full acid stress.png
/assets/papers/Characterization of the naive murine antibody repertoire using unamplified high-throughput sequencing.pdf,/assets/paper_thumbs/Characterization of the naive murine antibody repertoire using unamplified high-throughput sequencing.png
/assets/papers/Characterization of the total and viable bacterial and fungal communities associated with the International Space Station surfaces..pdf,/assets/paper_thumbs/Characterization of the total and viable bacterial and fungal communities associated with the International Space Station surfaces..png
/assets/papers/Chondrogenesis and mineralization during in vitro culture of human mesenchymal stem cells on three-dimensional woven scaffolds.pdf,/assets/paper_thumbs/Chondrogenesis and mineralization during in vitro culture of human mesenchymal stem cells on three-dimensional woven scaffolds.png
/assets/papers/Chromosomal positioning and epigenetic architecture influence DNA methylation patterns triggered by galactic cosmic radiation.pdf,/assets/paper_thumbs/Chromosomal positioning and epigenetic architecture influence DNA methylation patterns triggered by galactic cosmic radiation.png
/assets/papers/Chronic skeletal unloading of the rat femur mechanisms and functional consequences of vascular remodeling..pdf,/assets/paper_thumbs/Chronic skeletal unloading of the rat femur mechanisms and functional consequences of vascular remodeling..png
/assets/papers/Collection of biospecimens from the inspiration4 mission establishes the standards for the space omics and medical atlas (SOMA).pdf,/assets/paper_thumbs/Collection of biospecimens from the inspiration4 mission establishes the standards for the space omics and medical atlas (SOMA).png
/assets/papers/Comparative genomic analysis of Cohnella hashimotonis sp. nov. isolated from the International Space Station..pdf,/assets/paper_thumbs/Comparative genomic analysis of Cohnella hashimotonis sp. nov. isolated from the International Space Station..png
/assets/papers/Comparison of Microgravity Analogs to Spaceflight in Studies of Plant Growth and Development.pdf,/assets/paper_thumbs/Comparison of Microgravity Analogs to Spaceflight in Studies of Plant Growth and Development.png
/assets/papers/Competitive Growth Assay of Mutagenized Chlamydomonas reinhardtii Compatible With the International Space Station Veggie Plant Growth Chamber..pdf,/assets/paper_thumbs/Competitive Growth Assay of Mutagenized Chlamydomonas reinhardtii Compatible With the International Space Station Veggie Plant Growth Chamber..png
/assets/papers/Conducting plant experiments in space and on the Moon.pdf,/assets/paper_thumbs/Conducting plant experiments in space and on the Moon.png
/assets/papers/Conservation of the low-shear modeled microgravity response in Enterobacteriaceae and analysis of the trp genes in this response..pdf,/assets/paper_thumbs/Conservation of the low-shear modeled microgravity response in Enterobacteriaceae and analysis of the trp genes in this response..png
/assets/papers/Conserved plant transcriptional responses to microgravity from two consecutive spaceflight experiments..pdf,/assets/paper_thumbs/Conserved plant transcriptional responses to microgravity from two consecutive spaceflight experiments..png
/assets/papers/Cortical thinning and structural bone changes in non-human primates after single-fraction whole-chest irradiation..pdf,/assets/paper_thumbs/Cortical thinning and structural bone changes in non-human primates after single-fraction whole-chest irradiation..png
"/assets/papers/Cosmic kidney disease an integrated pan-omic, physiological and morphological study into spaceflight-induced renal dysfunction.pdf","/assets/paper_thumbs/Cosmic kidney disease an integrated pan-omic, physiological and morphological study into spaceflight-induced renal dysfunction.png"
/assets/papers/Crewmember microbiome may influence microbial composition of ISS habitable surfaces.pdf,/assets/paper_thumbs/Crewmember microbiome may influence microbial composition of ISS habitable surfaces.png
/assets/papers/CubeSats for microbiology and astrobiology research.pdf,/assets/paper_thumbs/CubeSats for microbiology and astrobiology research.png
/assets/papers/Cultivation of Staphylococcus epidermidis in the human spaceflight environment leads to alterations in the frequency and spectrum of spontaneous rifam.pdf,/assets/paper_thumbs/Cultivation of Staphylococcus epidermidis in the human spaceflight environment leads to alterations in the frequency and spectrum of spontaneous rifam.png
"/assets/papers/Cytoskeletal configuration modulates mechanically induced changes in mesenchymal stem cell osteogenesis, morphology, and stiffness..pdf","/assets/paper_thumbs/Cytoskeletal configuration modulates mechanically induced changes in mesenchymal stem cell osteogenesis, morphology, and stiffness..png"
/assets/papers/Cytoskeleton structure and total methylation of mouse cardiac and lung tissue during space flight..pdf,/assets/paper_thumbs/Cytoskeleton structure and total methylation of mouse cardiac and lung tissue during space flight..png
"/assets/papers/Desiccation mitigates heat stress in the resurrection fern, Pleopeltis polypodioides.pdf","/assets/paper_thumbs/Desiccation mitigates heat stress in the resurrection fern, Pleopeltis polypodioides.png"
/assets/papers/Detection of antimicrobial resistance genes associated with the International Space Station environmental surfaces.pdf,/assets/paper_thumbs/Detection of antimicrobial resistance genes associated with the International Space Station environmental surfaces.png
/assets/papers/Development and characterization of two porcine monocyte-derived macrophage cell lines..pdf,/assets/paper_thumbs/Development and characterization of two porcine monocyte-derived macrophage cell lines..png
/assets/papers/Development of otolith receptors in Japanese quail..pdf,/assets/paper_thumbs/Development of otolith receptors in Japanese quail..png
/assets/papers/Dietary countermeasure mitigates simulated spaceflight-induced osteopenia in mice.pdf,/assets/paper_thumbs/Dietary countermeasure mitigates simulated spaceflight-induced osteopenia in mice.png
/assets/papers/Direct RNA sequencing of astronaut blood reveals spaceflight-associated m6A increases and hematopoietic transcriptional responses.pdf,/assets/paper_thumbs/Direct RNA sequencing of astronaut blood reveals spaceflight-associated m6A increases and hematopoietic transcriptional responses.png
/assets/papers/Discoveries from human stem cell research in space that are relevant to advancing cellular therapies on Earth..pdf,/assets/paper_thumbs/Discoveries from human stem cell research in space that are relevant to advancing cellular therapies on Earth..png
/assets/papers/Dose-dependent skeletal deficits due to varied reductions in mechanical loading in rats..pdf,/assets/paper_thumbs/Dose-dependent skeletal deficits due to varied reductions in mechanical loading in rats..png
/assets/papers/Draft Genome Sequences of Fungi Isolated from the International Space Station during the Microbial Tracking-2 Experiment.pdf,/assets/paper_thumbs/Draft Genome Sequences of Fungi Isolated from the International Space Station during the Microbial Tracking-2 Experiment.png
/assets/papers/Dried plum diet protects from bone loss caused by ionizing radiation.pdf,/assets/paper_thumbs/Dried plum diet protects from bone loss caused by ionizing radiation.png
/assets/papers/EC-19-0359.pdf,/assets/paper_thumbs/EC-19-0359.png
/assets/papers/ECE3-15-e71371.pdf,/assets/paper_thumbs/ECE3-15-e71371.png
/assets/papers/Editorial Revisiting the limits of plant life - plant adaptations to extreme terrestrial environments relating to astrobiology and space biology..pdf,/assets/paper_thumbs/Editorial Revisiting the limits of plant life - plant adaptations to extreme terrestrial environments relating to astrobiology and space biology..png
/assets/papers/Effect of leptin deficiency on the skeletal response to hindlimb unloading in adult male mice..pdf,/assets/paper_thumbs/Effect of leptin deficiency on the skeletal response to hindlimb unloading in adult male mice..png
/assets/papers/Effect of spaceflight on Pseudomonas aeruginosa final cell density is modulated by nutrient and oxygen availability..pdf,/assets/paper_thumbs/Effect of spaceflight on Pseudomonas aeruginosa final cell density is modulated by nutrient and oxygen availability..png
/assets/papers/Effects of angular frequency during clinorotation on mesenchymal stem cell morphology and migration.pdf,/assets/paper_thumbs/Effects of angular frequency during clinorotation on mesenchymal stem cell morphology and migration.png
"/assets/papers/Effects of gravitational mechanical unloading in endothelial cells association between caveolins, inflammation and adhesion molecules.pdf","/assets/paper_thumbs/Effects of gravitational mechanical unloading in endothelial cells association between caveolins, inflammation and adhesion molecules.png"
/assets/papers/Effects of liquid cultivation on gene expression and phenotype of C. elegans..pdf,/assets/paper_thumbs/Effects of liquid cultivation on gene expression and phenotype of C. elegans..png
"/assets/papers/Effects of low-dose rate Œ≥-irradiation combined with simulated microgravity on markers of oxidative stress, DNA methylation potential, and remodeling.pdf","/assets/paper_thumbs/Effects of low-dose rate Œ≥-irradiation combined with simulated microgravity on markers of oxidative stress, DNA methylation potential, and remodeling.png"
/assets/papers/Effects of sex and gender on adaptations to space reproductive health.pdf,/assets/paper_thumbs/Effects of sex and gender on adaptations to space reproductive health.png
/assets/papers/Effects of simulated microgravity on the proteome and secretome of the polyextremotolerant black fungus Knufia chersonesos..pdf,/assets/paper_thumbs/Effects of simulated microgravity on the proteome and secretome of the polyextremotolerant black fungus Knufia chersonesos..png
/assets/papers/Effects of spaceflight aboard the International Space Station on mouse estrous cycle and ovarian gene expression.pdf,/assets/paper_thumbs/Effects of spaceflight aboard the International Space Station on mouse estrous cycle and ovarian gene expression.png
/assets/papers/Effects of spaceflight on the brain.pdf,/assets/paper_thumbs/Effects of spaceflight on the brain.png
/assets/papers/Effects of spaceflight on the immunoglobulin repertoire of unimmunized C57BL6 mice.pdf,/assets/paper_thumbs/Effects of spaceflight on the immunoglobulin repertoire of unimmunized C57BL6 mice.png
/assets/papers/Effects of spaceflight on the mouse submandibular gland.pdf,/assets/paper_thumbs/Effects of spaceflight on the mouse submandibular gland.png
/assets/papers/Effects of spaceflight on the muscles of the murine shoulder..pdf,/assets/paper_thumbs/Effects of spaceflight on the muscles of the murine shoulder..png
/assets/papers/Ehrlichia chaffeensis replication sites in adult Drosophila melanogaster..pdf,/assets/paper_thumbs/Ehrlichia chaffeensis replication sites in adult Drosophila melanogaster..png
/assets/papers/Emergence of novel cephalopod gene regulation and expression through large-scale genome reorganization.pdf,/assets/paper_thumbs/Emergence of novel cephalopod gene regulation and expression through large-scale genome reorganization.png
/assets/papers/Endoplasmic reticulum-shape and function in stress translation.pdf,/assets/paper_thumbs/Endoplasmic reticulum-shape and function in stress translation.png
/assets/papers/Endosidin2 targets conserved exocyst complex subunit EXO70 to inhibit exocytosis.pdf,/assets/paper_thumbs/Endosidin2 targets conserved exocyst complex subunit EXO70 to inhibit exocytosis.png
/assets/papers/Epigenomic regulators elongator complex subunit 2 and methyltransferase 1 differentially condition the spaceflight response in Arabidopsis.pdf,/assets/paper_thumbs/Epigenomic regulators elongator complex subunit 2 and methyltransferase 1 differentially condition the spaceflight response in Arabidopsis.png
/assets/papers/Establishment and characterization of DB-1 a leptin receptor-deficient murine macrophage cell line.pdf,/assets/paper_thumbs/Establishment and characterization of DB-1 a leptin receptor-deficient murine macrophage cell line.png
/assets/papers/Ethical considerations for the age of non-governmental space exploration.pdf,/assets/paper_thumbs/Ethical considerations for the age of non-governmental space exploration.png
/assets/papers/Evaluating the effect of spaceflight on the host‚Äìpathogen interaction between human intestinal epithelial cells and Salmonella Typhimurium.pdf,/assets/paper_thumbs/Evaluating the effect of spaceflight on the host‚Äìpathogen interaction between human intestinal epithelial cells and Salmonella Typhimurium.png
/assets/papers/Evaluating the lettuce metatranscriptome with MinION sequencing for future spaceflight food production applications.pdf,/assets/paper_thumbs/Evaluating the lettuce metatranscriptome with MinION sequencing for future spaceflight food production applications.png
/assets/papers/Evaluation of microorganisms cultured from injured and repressed tissue regeneration sites in endangered giant aquatic Ozark Hellbender salamanders..pdf,/assets/paper_thumbs/Evaluation of microorganisms cultured from injured and repressed tissue regeneration sites in endangered giant aquatic Ozark Hellbender salamanders..png
/assets/papers/Evaluation of rodent spaceflight in the NASA animal enclosure module for an extended operational period (up to 35 days).pdf,/assets/paper_thumbs/Evaluation of rodent spaceflight in the NASA animal enclosure module for an extended operational period (up to 35 days).png
/assets/papers/Evidence for increased thermogenesis in female C57BL6J mice housed aboard the international space station.pdf,/assets/paper_thumbs/Evidence for increased thermogenesis in female C57BL6J mice housed aboard the international space station.png
/assets/papers/Explainable machine learning identifies multi-omics signatures of muscle response to spaceflight in mice.pdf,/assets/paper_thumbs/Explainable machine learning identifies multi-omics signatures of muscle response to spaceflight in mice.png
"/assets/papers/Exposure of Mycobacterium marinum to low-shear modeled microgravity Effect on growth, the transcriptome and survival under stress..pdf","/assets/paper_thumbs/Exposure of Mycobacterium marinum to low-shear modeled microgravity Effect on growth, the transcriptome and survival under stress..png"
/assets/papers/Expressing and Characterizing Mechanosensitive Channels in Xenopus Oocytes.pdf,/assets/paper_thumbs/Expressing and Characterizing Mechanosensitive Channels in Xenopus Oocytes.png
/assets/papers/Extracellular nucleotides elicit cytosolic free calcium oscillations in Arabidopsis..pdf,/assets/paper_thumbs/Extracellular nucleotides elicit cytosolic free calcium oscillations in Arabidopsis..png
/assets/papers/FAIRness and usability for open-access omics data systems..pdf,/assets/paper_thumbs/FAIRness and usability for open-access omics data systems..png
/assets/papers/Failure to Generate Bone Marrow Adipocytes Does Not Protect Mice from Ovariectomy-Induced Osteopenia.pdf,/assets/paper_thumbs/Failure to Generate Bone Marrow Adipocytes Does Not Protect Mice from Ovariectomy-Induced Osteopenia.png
/assets/papers/Fifteen days of microgravity causes growth in calvaria of mice.pdf,/assets/paper_thumbs/Fifteen days of microgravity causes growth in calvaria of mice.png
/assets/papers/From the bench to exploration medicine NASA life sciences translational research for human exploration and habitation missions..pdf,/assets/paper_thumbs/From the bench to exploration medicine NASA life sciences translational research for human exploration and habitation missions..png
/assets/papers/Functional changes in the snail statocyst system elicited by microgravity.pdf,/assets/paper_thumbs/Functional changes in the snail statocyst system elicited by microgravity.png
/assets/papers/Functional consequences of radiation-induced oxidative stress in cultured neural stem cells and the brain exposed to charged particle irradiation.pdf,/assets/paper_thumbs/Functional consequences of radiation-induced oxidative stress in cultured neural stem cells and the brain exposed to charged particle irradiation.png
/assets/papers/Functional redundancy between trans-Golgi network SNARE family members in Arabidopsis thaliana..pdf,/assets/paper_thumbs/Functional redundancy between trans-Golgi network SNARE family members in Arabidopsis thaliana..png
/assets/papers/Fungal diversity differences in the indoor dust microbiome from built environments on Earth and in space..pdf,/assets/paper_thumbs/Fungal diversity differences in the indoor dust microbiome from built environments on Earth and in space..png
/assets/papers/Genetic dissection of the Arabidopsis spaceflight transcriptome Are some responses dispensable for the physiological adaptation of plants to spaceflig.pdf,/assets/paper_thumbs/Genetic dissection of the Arabidopsis spaceflight transcriptome Are some responses dispensable for the physiological adaptation of plants to spaceflig.png
/assets/papers/Genomic and functional characterization of Enterococcus faecalis isolates recovered from the International Space Station and their potential for patho.pdf,/assets/paper_thumbs/Genomic and functional characterization of Enterococcus faecalis isolates recovered from the International Space Station and their potential for patho.png
/assets/papers/Genomic stability in response to high versus low linear energy transfer radiation in Arabidopsis thaliana.pdf,/assets/paper_thumbs/Genomic stability in response to high versus low linear energy transfer radiation in Arabidopsis thaliana.png
"/assets/papers/Genomic, functional, and metabolic enhancements in multidrug-resistant Enterobacter bugandensis facilitating its persistence and succession in the Int.pdf","/assets/paper_thumbs/Genomic, functional, and metabolic enhancements in multidrug-resistant Enterobacter bugandensis facilitating its persistence and succession in the Int.png"
/assets/papers/Gravitropic signaling in plants.pdf,/assets/paper_thumbs/Gravitropic signaling in plants.png
/assets/papers/Gravitropism and lateral root emergence are dependent on the trans-Golgi network protein TNO1.pdf,/assets/paper_thumbs/Gravitropism and lateral root emergence are dependent on the trans-Golgi network protein TNO1.png
/assets/papers/Gravitropism and mechanical signaling in plants..pdf,/assets/paper_thumbs/Gravitropism and mechanical signaling in plants..png
/assets/papers/Gravity signaling in flowering plant roots.pdf,/assets/paper_thumbs/Gravity signaling in flowering plant roots.png
/assets/papers/Growth performance and root transcriptome remodeling of Arabidopsis in response to Mars-like levels of magnesium sulfate..pdf,/assets/paper_thumbs/Growth performance and root transcriptome remodeling of Arabidopsis in response to Mars-like levels of magnesium sulfate..png
/assets/papers/Hardware validation of the Advanced Plant Habitat on ISS Canopy photosynthesis in reduced gravity..pdf,/assets/paper_thumbs/Hardware validation of the Advanced Plant Habitat on ISS Canopy photosynthesis in reduced gravity..png
"/assets/papers/High atomic weight, high-energy radiation (HZE) induces transcriptional responses shared with conventional stresses in addition to a core DSB response.pdf","/assets/paper_thumbs/High atomic weight, high-energy radiation (HZE) induces transcriptional responses shared with conventional stresses in addition to a core DSB response.png"
/assets/papers/High-gradient magnetic fields and starch metabolism Results from a space experiment..pdf,/assets/paper_thumbs/High-gradient magnetic fields and starch metabolism Results from a space experiment..png
/assets/papers/Hindlimb Unloading Rodent Analog for Microgravity.pdf,/assets/paper_thumbs/Hindlimb Unloading Rodent Analog for Microgravity.png
/assets/papers/Human presence impacts fungal diversity of inflated lunarMars analog habitat..pdf,/assets/paper_thumbs/Human presence impacts fungal diversity of inflated lunarMars analog habitat..png
/assets/papers/Hypothalamic Leptin Gene Therapy Reduces Bone Marrow Adiposity in obob Mice Fed Regular and High-Fat Diets..pdf,/assets/paper_thumbs/Hypothalamic Leptin Gene Therapy Reduces Bone Marrow Adiposity in obob Mice Fed Regular and High-Fat Diets..png
/assets/papers/Hypothalamic leptin gene therapy reduces body weight without accelerating age-related bone loss.pdf,/assets/paper_thumbs/Hypothalamic leptin gene therapy reduces body weight without accelerating age-related bone loss.png
/assets/papers/IRE1 ER stress sensor and cell fate executor..pdf,/assets/paper_thumbs/IRE1 ER stress sensor and cell fate executor..png
/assets/papers/Immunological and hematological outcomes following protracted low doselow dose rate ionizing radiation and simulated microgravity.pdf,/assets/paper_thumbs/Immunological and hematological outcomes following protracted low doselow dose rate ionizing radiation and simulated microgravity.png
"/assets/papers/Impacts of radiation exposure, hindlimb unloading, and recovery on murine skeletal muscle cell telomere length..pdf","/assets/paper_thumbs/Impacts of radiation exposure, hindlimb unloading, and recovery on murine skeletal muscle cell telomere length..png"
/assets/papers/In situ linkage of fungal and bacterial proliferation to microbiologically influenced corrosion in B20 biodiesel storage tanks..pdf,/assets/paper_thumbs/In situ linkage of fungal and bacterial proliferation to microbiologically influenced corrosion in B20 biodiesel storage tanks..png
"/assets/papers/In situ monitoring of barrier function on-chip via automated, non-invasive luminescence sensing..pdf","/assets/paper_thumbs/In situ monitoring of barrier function on-chip via automated, non-invasive luminescence sensing..png"
/assets/papers/In situ resource utilisation The potential for space biomining.pdf,/assets/paper_thumbs/In situ resource utilisation The potential for space biomining.png
/assets/papers/In vitro generation of mechanically functional cartilage grafts based on adult human stem cells and 3D-woven poly(epsilon-caprolactone) scaffolds.pdf,/assets/paper_thumbs/In vitro generation of mechanically functional cartilage grafts based on adult human stem cells and 3D-woven poly(epsilon-caprolactone) scaffolds.png
/assets/papers/Increasing the number of unloadingreambulation cycles does not adversely impac body composition and lumbar bone mineral density but reduces tissue sen.pdf,/assets/paper_thumbs/Increasing the number of unloadingreambulation cycles does not adversely impac body composition and lumbar bone mineral density but reduces tissue sen.png
/assets/papers/Induction of attachment-independent biofilm formation and repression of Hfq expression by low-fluid-shear culture of Staphylococcus aureus.pdf,/assets/paper_thumbs/Induction of attachment-independent biofilm formation and repression of Hfq expression by low-fluid-shear culture of Staphylococcus aureus.png
"/assets/papers/Influence of Magnitude and Duration of Altered Gravity and Readaptation to 1g on the Structure and Function of the Utricle in Toadfish, Opsanus tau..pdf","/assets/paper_thumbs/Influence of Magnitude and Duration of Altered Gravity and Readaptation to 1g on the Structure and Function of the Utricle in Toadfish, Opsanus tau..png"
/assets/papers/Influence of social isolation during prolonged simulated weightlessness by hindlimb unloading.pdf,/assets/paper_thumbs/Influence of social isolation during prolonged simulated weightlessness by hindlimb unloading.png
/assets/papers/Influence of the spaceflight environment on macrophage lineages.pdf,/assets/paper_thumbs/Influence of the spaceflight environment on macrophage lineages.png
/assets/papers/Innate immune responses of Drosophila melanogaster are altered by spaceflight..pdf,/assets/paper_thumbs/Innate immune responses of Drosophila melanogaster are altered by spaceflight..png
/assets/papers/Inspiration4 data access through the NASA Open Science Data Repository.pdf,/assets/paper_thumbs/Inspiration4 data access through the NASA Open Science Data Repository.png
"/assets/papers/International Space Station conditions alter genomics, proteomics, and metabolomics in Aspergillus nidulans..pdf","/assets/paper_thumbs/International Space Station conditions alter genomics, proteomics, and metabolomics in Aspergillus nidulans..png"
/assets/papers/Interplay of space radiation and microgravity in DNA damage and DNA damage response..pdf,/assets/paper_thumbs/Interplay of space radiation and microgravity in DNA damage and DNA damage response..png
/assets/papers/Intrauterine exposure to maternal stress alters Bdnf IV DNA methylation and telomere length in the brain of adult rat offspring..pdf,/assets/paper_thumbs/Intrauterine exposure to maternal stress alters Bdnf IV DNA methylation and telomere length in the brain of adult rat offspring..png
/assets/papers/Investigation of simulated microgravity effects on Streptococcus mutans physiology and global gene expression..pdf,/assets/paper_thumbs/Investigation of simulated microgravity effects on Streptococcus mutans physiology and global gene expression..png
/assets/papers/Is spaceflight-induced immune dysfunction linked to systemic changes in metabolism.pdf,/assets/paper_thumbs/Is spaceflight-induced immune dysfunction linked to systemic changes in metabolism.png
/assets/papers/JAR2012-481983.pdf,/assets/paper_thumbs/JAR2012-481983.png
/assets/papers/JBM4-1-66.pdf,/assets/paper_thumbs/JBM4-1-66.png
/assets/papers/JCSM-14-2613.pdf,/assets/paper_thumbs/JCSM-14-2613.png
/assets/papers/JGP_201411295.pdf,/assets/paper_thumbs/JGP_201411295.png
/assets/papers/JMNI-16-174.pdf,/assets/paper_thumbs/JMNI-16-174.png
/assets/papers/Knee and Hip Joint Cartilage Damage from Combined Spaceflight Hazards of Low-Dose Radiation Less than 1 Gy and Prolonged Hindlimb Unloading..pdf,/assets/paper_thumbs/Knee and Hip Joint Cartilage Damage from Combined Spaceflight Hazards of Low-Dose Radiation Less than 1 Gy and Prolonged Hindlimb Unloading..png
/assets/papers/Lab-on-a-chip approaches for space-biology research..pdf,/assets/paper_thumbs/Lab-on-a-chip approaches for space-biology research..png
/assets/papers/Lack of norovirus replication and histo-blood group antigen expression in 3-dimensional intestinal epithelial cells.pdf,/assets/paper_thumbs/Lack of norovirus replication and histo-blood group antigen expression in 3-dimensional intestinal epithelial cells.png
/assets/papers/Leptin and environmental temperature as determinants of bone marrow adiposity in female mice.pdf,/assets/paper_thumbs/Leptin and environmental temperature as determinants of bone marrow adiposity in female mice.png
/assets/papers/Lifelong wheel running exercise and mild caloric restriction attenuate nuclear EndoG in the aging plantaris muscle..pdf,/assets/paper_thumbs/Lifelong wheel running exercise and mild caloric restriction attenuate nuclear EndoG in the aging plantaris muscle..png
/assets/papers/Light and gravity signals synergize in modulating plant development.pdf,/assets/paper_thumbs/Light and gravity signals synergize in modulating plant development.png
/assets/papers/Longitudinal characterization of multispecies microbial populations recovered from spaceflight potable water.pdf,/assets/paper_thumbs/Longitudinal characterization of multispecies microbial populations recovered from spaceflight potable water.png
/assets/papers/Longitudinal multi-omics analysis of host microbiome architecture and immune responses during short-term spaceflight.pdf,/assets/paper_thumbs/Longitudinal multi-omics analysis of host microbiome architecture and immune responses during short-term spaceflight.png
/assets/papers/Longitudinal time course of muscle impairments during partial weight-bearing in rats.pdf,/assets/paper_thumbs/Longitudinal time course of muscle impairments during partial weight-bearing in rats.png
/assets/papers/MARSBOx Fungal and bacterial endurance from a balloon-flown analog mission in the stratosphere.pdf,/assets/paper_thumbs/MARSBOx Fungal and bacterial endurance from a balloon-flown analog mission in the stratosphere.png
/assets/papers/MPP-18-1012.pdf,/assets/paper_thumbs/MPP-18-1012.png
/assets/papers/Machine learning algorithm to characterize antimicrobial resistance associated with the International Space Station surface microbiome.pdf,/assets/paper_thumbs/Machine learning algorithm to characterize antimicrobial resistance associated with the International Space Station surface microbiome.png
/assets/papers/Macrophages inhibit Aspergillus fumigatus germination and neutrophil-mediated fungal killing..pdf,/assets/paper_thumbs/Macrophages inhibit Aspergillus fumigatus germination and neutrophil-mediated fungal killing..png
/assets/papers/Maintenance of near normal bone mass and architecture in lethally irradiated female mice following adoptive transfer with as few as 750 purified hemat.pdf,/assets/paper_thumbs/Maintenance of near normal bone mass and architecture in lethally irradiated female mice following adoptive transfer with as few as 750 purified hemat.png
/assets/papers/Meta-analysis of the space flight and microgravity response of the Arabidopsis plant transcriptome.pdf,/assets/paper_thumbs/Meta-analysis of the space flight and microgravity response of the Arabidopsis plant transcriptome.png
/assets/papers/Metabolic modeling of the International Space Station microbiome reveals key microbial interactions..pdf,/assets/paper_thumbs/Metabolic modeling of the International Space Station microbiome reveals key microbial interactions..png
/assets/papers/Mice in Bion-M 1 space mission training and selection.pdf,/assets/paper_thumbs/Mice in Bion-M 1 space mission training and selection.png
/assets/papers/Microbial Characteristics of ISS Environmental Surfaces.pdf,/assets/paper_thumbs/Microbial Characteristics of ISS Environmental Surfaces.png
/assets/papers/Microbial adaptation to spaceflight is correlated with bacteriophage-encoded functions.pdf,/assets/paper_thumbs/Microbial adaptation to spaceflight is correlated with bacteriophage-encoded functions.png
/assets/papers/Microbial existence in controlled habitats and their resistance to space conditions.pdf,/assets/paper_thumbs/Microbial existence in controlled habitats and their resistance to space conditions.png
"/assets/papers/Microbial tracking-2, a metagenomics analysis of bacteria and fungi onboard the International Space Station..pdf","/assets/paper_thumbs/Microbial tracking-2, a metagenomics analysis of bacteria and fungi onboard the International Space Station..png"
/assets/papers/Microbiological and nutritional analysis of lettuce crops grown on the International Space Station.pdf,/assets/paper_thumbs/Microbiological and nutritional analysis of lettuce crops grown on the International Space Station.png
/assets/papers/Microbiomes of the dust particles collected from the International Space Station and Spacecraft assembly facilities.pdf,/assets/paper_thumbs/Microbiomes of the dust particles collected from the International Space Station and Spacecraft assembly facilities.png
/assets/papers/Microfluidics-enabled method to identify modes of Caenorhabditis elegans paralysis in four anthelmintics..pdf,/assets/paper_thumbs/Microfluidics-enabled method to identify modes of Caenorhabditis elegans paralysis in four anthelmintics..png
/assets/papers/Microfluidics-integrated spaceflight hardware for measuring muscle strength of Caenorhabditis elegans on the International Space Station..pdf,/assets/paper_thumbs/Microfluidics-integrated spaceflight hardware for measuring muscle strength of Caenorhabditis elegans on the International Space Station..png
/assets/papers/Microgravity enhances the phenotype of Arabidopsis zigzag-1 and reduces the Wortmannin-induced vacuole fusion in root cells..pdf,/assets/paper_thumbs/Microgravity enhances the phenotype of Arabidopsis zigzag-1 and reduces the Wortmannin-induced vacuole fusion in root cells..png
"/assets/papers/Microgravity induces pelvic bone loss through osteoclastic activity, osteocytic osteolysis, and osteoblastic cell cycle inhibition by CDKN1ap21.pdf","/assets/paper_thumbs/Microgravity induces pelvic bone loss through osteoclastic activity, osteocytic osteolysis, and osteoblastic cell cycle inhibition by CDKN1ap21.png"
/assets/papers/Microgravity validation of a novel system for RNA isolation and multiplex quantitative real time PCR analysis of gene expression on the International.pdf,/assets/paper_thumbs/Microgravity validation of a novel system for RNA isolation and multiplex quantitative real time PCR analysis of gene expression on the International.png
/assets/papers/Mimicking the host and its microenvironment in vitro for studying mucosal infections by Pseudomonas aeruginosa..pdf,/assets/paper_thumbs/Mimicking the host and its microenvironment in vitro for studying mucosal infections by Pseudomonas aeruginosa..png
/assets/papers/Mitigation and use of biofilms in space for the benefit of human space exploration.pdf,/assets/paper_thumbs/Mitigation and use of biofilms in space for the benefit of human space exploration.png
/assets/papers/MnSOD Overexpression Reduces Fibrosis and Pro-Apoptotic Signaling in the Aging Mouse Heart.pdf,/assets/paper_thumbs/MnSOD Overexpression Reduces Fibrosis and Pro-Apoptotic Signaling in the Aging Mouse Heart.png
/assets/papers/Modeled microgravity alters apoptotic gene expression and caspase activity in the squid-vibrio symbiosis.pdf,/assets/paper_thumbs/Modeled microgravity alters apoptotic gene expression and caspase activity in the squid-vibrio symbiosis.png
/assets/papers/Modeled microgravity alters lipopolysaccharide and outer membrane vesicle production of the beneficial symbiont Vibrio fischeri.pdf,/assets/paper_thumbs/Modeled microgravity alters lipopolysaccharide and outer membrane vesicle production of the beneficial symbiont Vibrio fischeri.png
/assets/papers/Modeling Host-Pathogen Interactions in the Context of the Microenvironment 3-D Cell Culture Comes of Age..pdf,/assets/paper_thumbs/Modeling Host-Pathogen Interactions in the Context of the Microenvironment 3-D Cell Culture Comes of Age..png
/assets/papers/Molecular and physiologic changes in the SpaceX Inspiration4 civilian crew.pdf,/assets/paper_thumbs/Molecular and physiologic changes in the SpaceX Inspiration4 civilian crew.png
/assets/papers/Molecular mechanisms underlying the enhanced functions of three-dimensional hepatocyte aggregates.pdf,/assets/paper_thumbs/Molecular mechanisms underlying the enhanced functions of three-dimensional hepatocyte aggregates.png
"/assets/papers/Morphology of the Utricular Otolith Organ in the Toadfish, Opsanus tau.pdf","/assets/paper_thumbs/Morphology of the Utricular Otolith Organ in the Toadfish, Opsanus tau.png"
/assets/papers/Multi-analyte biochip (MAB) based on all-solid-state ion-selective electrodes (ASSISE) for physiological research.pdf,/assets/paper_thumbs/Multi-analyte biochip (MAB) based on all-solid-state ion-selective electrodes (ASSISE) for physiological research.png
/assets/papers/Multi-drug resistant Enterobacter bugandensis species isolated from the International Space Station and comparative genomic analyses with human pathog.pdf,/assets/paper_thumbs/Multi-drug resistant Enterobacter bugandensis species isolated from the International Space Station and comparative genomic analyses with human pathog.png
/assets/papers/Multi-omics analysis of multiple missions to space reveal a theme of lipid dysregulation in mouse liver.pdf,/assets/paper_thumbs/Multi-omics analysis of multiple missions to space reveal a theme of lipid dysregulation in mouse liver.png
/assets/papers/Multidrug-resistant Acinetobacter pittii is adapting to and exhibiting potential succession aboard the International Space Station..pdf,/assets/paper_thumbs/Multidrug-resistant Acinetobacter pittii is adapting to and exhibiting potential succession aboard the International Space Station..png
/assets/papers/Multiparameter behavioral analyses provide insights to mechanisms of cyanide resistance in Caenorhabditis elegans..pdf,/assets/paper_thumbs/Multiparameter behavioral analyses provide insights to mechanisms of cyanide resistance in Caenorhabditis elegans..png
/assets/papers/Multiscale effects of spaceflight on murine tendon and bone.pdf,/assets/paper_thumbs/Multiscale effects of spaceflight on murine tendon and bone.png
/assets/papers/NemaFlex A microfluidics-based technology for standardized measurement of muscular strength of C. elegans..pdf,/assets/paper_thumbs/NemaFlex A microfluidics-based technology for standardized measurement of muscular strength of C. elegans..png
/assets/papers/Neutrophil to Lymphocyte ratio A biomarker to monitor the immune status of astronauts..pdf,/assets/paper_thumbs/Neutrophil to Lymphocyte ratio A biomarker to monitor the immune status of astronauts..png
/assets/papers/New insights into lignification via network and multi-omics analyses of arogenate dehydratase knock-out mutants in Arabidopsis thaliana.pdf,/assets/paper_thumbs/New insights into lignification via network and multi-omics analyses of arogenate dehydratase knock-out mutants in Arabidopsis thaliana.png
/assets/papers/New perspectives on viable microbial communities in low-biomass cleanroom environments.pdf,/assets/paper_thumbs/New perspectives on viable microbial communities in low-biomass cleanroom environments.png
/assets/papers/Novel Organelles with Elements of Bacterial and Eukaryotic Secretion Systems Weaponize Parasites of Drosophila.pdf,/assets/paper_thumbs/Novel Organelles with Elements of Bacterial and Eukaryotic Secretion Systems Weaponize Parasites of Drosophila.png
"/assets/papers/Nutritional supplements, COX-2 and IGF-1 expression in men on active surveillance for prostate cancer..pdf","/assets/paper_thumbs/Nutritional supplements, COX-2 and IGF-1 expression in men on active surveillance for prostate cancer..png"
/assets/papers/Organization of the ER-Golgi interface for membrane traffic control..pdf,/assets/paper_thumbs/Organization of the ER-Golgi interface for membrane traffic control..png
/assets/papers/Overexpression of catalase in mitochondria mitigates changes in hippocampal cytokine expression following simulated microgravity and isolation..pdf,/assets/paper_thumbs/Overexpression of catalase in mitochondria mitigates changes in hippocampal cytokine expression following simulated microgravity and isolation..png
/assets/papers/PC_TPC201500531RAR1.pdf,/assets/paper_thumbs/PC_TPC201500531RAR1.png
/assets/papers/PHY2-12-e15938.pdf,/assets/paper_thumbs/PHY2-12-e15938.png
/assets/papers/PHY2-9-e15042.pdf,/assets/paper_thumbs/PHY2-9-e15042.png
/assets/papers/PIIS2211124713000259.pdf,/assets/paper_thumbs/PIIS2211124713000259.png
/assets/papers/PIIS2211124720314340.pdf,/assets/paper_thumbs/PIIS2211124720314340.png
/assets/papers/PIIS2211124720314376.pdf,/assets/paper_thumbs/PIIS2211124720314376.png
/assets/papers/PIIS2589004222014857.pdf,/assets/paper_thumbs/PIIS2589004222014857.png
/assets/papers/PP_201800713DR1.pdf,/assets/paper_thumbs/PP_201800713DR1.png
/assets/papers/PP_255943.pdf,/assets/paper_thumbs/PP_255943.png
/assets/papers/PP_PP201500124.pdf,/assets/paper_thumbs/PP_PP201500124.png
/assets/papers/PP_PP201600173R1.pdf,/assets/paper_thumbs/PP_PP201600173R1.png
/assets/papers/PP_PP201600215R1.pdf,/assets/paper_thumbs/PP_PP201600215R1.png
/assets/papers/PP_PP2017RA01766DR1.pdf,/assets/paper_thumbs/PP_PP2017RA01766DR1.png
/assets/papers/Phosphoinositide-signaling is one component of a robust plant defense response.pdf,/assets/paper_thumbs/Phosphoinositide-signaling is one component of a robust plant defense response.png
"/assets/papers/Phylogenomics, phenotypic, and functional traits of five novel (Earth-derived) bacterial species isolated from the International Space Station and the.pdf","/assets/paper_thumbs/Phylogenomics, phenotypic, and functional traits of five novel (Earth-derived) bacterial species isolated from the International Space Station and the.png"
/assets/papers/Physical Forces Modulate Oxidative Status and Stress Defense Meditated Metabolic Adaptation of Yeast Colonies Spaceflight and Microgravity Simulations.pdf,/assets/paper_thumbs/Physical Forces Modulate Oxidative Status and Stress Defense Meditated Metabolic Adaptation of Yeast Colonies Spaceflight and Microgravity Simulations.png
/assets/papers/Plants grown in Apollo lunar regolith present stress-associated transcriptomes that inform prospects for lunar exploration.pdf,/assets/paper_thumbs/Plants grown in Apollo lunar regolith present stress-associated transcriptomes that inform prospects for lunar exploration.png
/assets/papers/Post-Spaceflight (STS-135) Mouse Splenocytes Demonstrate Altered Activation Properties and Surface Molecule Expression..pdf,/assets/paper_thumbs/Post-Spaceflight (STS-135) Mouse Splenocytes Demonstrate Altered Activation Properties and Surface Molecule Expression..png
/assets/papers/Preservation of Multiple Mammalian Tissues to Maximize Science Return from Ground Based and Spaceflight Experiments.pdf,/assets/paper_thumbs/Preservation of Multiple Mammalian Tissues to Maximize Science Return from Ground Based and Spaceflight Experiments.png
/assets/papers/Production of reactive oxygen species and involvement of bioprotectants during anhydrobiosis in the tardigrade Paramacrobiotus spatialis.pdf,/assets/paper_thumbs/Production of reactive oxygen species and involvement of bioprotectants during anhydrobiosis in the tardigrade Paramacrobiotus spatialis.png
/assets/papers/Prolonged exposure to particulate chromate inhibits RAD51 nuclear import mediator proteins..pdf,/assets/paper_thumbs/Prolonged exposure to particulate chromate inhibits RAD51 nuclear import mediator proteins..png
/assets/papers/Protective alleles and precision healthcare in crewed spaceflight.pdf,/assets/paper_thumbs/Protective alleles and precision healthcare in crewed spaceflight.png
/assets/papers/Proteomic and Metabolomic Characteristics of Extremophilic Fungi Under Simulated Mars Conditions..pdf,/assets/paper_thumbs/Proteomic and Metabolomic Characteristics of Extremophilic Fungi Under Simulated Mars Conditions..png
/assets/papers/Proteomic and phosphoproteomic characterization of cardiovascular tissues after long term exposure to simulated space radiation.pdf,/assets/paper_thumbs/Proteomic and phosphoproteomic characterization of cardiovascular tissues after long term exposure to simulated space radiation.png
/assets/papers/REGULATOR OF BULB BIOGENESIS1 (RBB1) Is Involved in Vacuole Bulb Formation in Arabidopsis..pdf,/assets/paper_thumbs/REGULATOR OF BULB BIOGENESIS1 (RBB1) Is Involved in Vacuole Bulb Formation in Arabidopsis..png
/assets/papers/RNAseq analysis of the response of Arabidopsis thaliana to fractional gravity under blue-light stimulation during spaceflight.pdf,/assets/paper_thumbs/RNAseq analysis of the response of Arabidopsis thaliana to fractional gravity under blue-light stimulation during spaceflight.png
/assets/papers/RNAseq and RNA molecular barcoding reveal differential gene expression in cortical bone following hindlimb unloading in female mice.pdf,/assets/paper_thumbs/RNAseq and RNA molecular barcoding reveal differential gene expression in cortical bone following hindlimb unloading in female mice.png
/assets/papers/Rad-Bio-App A discovery environment for biologists to explore spaceflight-related radiation exposures.pdf,/assets/paper_thumbs/Rad-Bio-App A discovery environment for biologists to explore spaceflight-related radiation exposures.png
/assets/papers/Recellularization of decellularized lung scaffolds is enhanced by dynamic suspension culture..pdf,/assets/paper_thumbs/Recellularization of decellularized lung scaffolds is enhanced by dynamic suspension culture..png
/assets/papers/Recent advances in the genome mining of Aspergillus secondary metabolites (covering 2012‚Äì2018)..pdf,/assets/paper_thumbs/Recent advances in the genome mining of Aspergillus secondary metabolites (covering 2012‚Äì2018)..png
/assets/papers/Regulation of hemocytes in Drosophila requires dappled cytochrome b5..pdf,/assets/paper_thumbs/Regulation of hemocytes in Drosophila requires dappled cytochrome b5..png
/assets/papers/Regulation of plant gravity sensing and signaling by the actin cytoskeleton..pdf,/assets/paper_thumbs/Regulation of plant gravity sensing and signaling by the actin cytoskeleton..png
/assets/papers/Release of CD36-associated cell-free mitochondrial DNA and RNA as a hallmark of space environment response.pdf,/assets/paper_thumbs/Release of CD36-associated cell-free mitochondrial DNA and RNA as a hallmark of space environment response.png
/assets/papers/Reproducible changes in the gut microbiome suggest a shift in microbial and host metabolism during spaceflight..pdf,/assets/paper_thumbs/Reproducible changes in the gut microbiome suggest a shift in microbial and host metabolism during spaceflight..png
/assets/papers/Response of the mouse sublingual gland to spaceflight..pdf,/assets/paper_thumbs/Response of the mouse sublingual gland to spaceflight..png
/assets/papers/Role of oestrogen receptor signaling in skeletal response to leptin in female obob mice..pdf,/assets/paper_thumbs/Role of oestrogen receptor signaling in skeletal response to leptin in female obob mice..png
/assets/papers/Roll maneuvers are essential for active reorientation of Caenorhabditis elegans in 3D media.pdf,/assets/paper_thumbs/Roll maneuvers are essential for active reorientation of Caenorhabditis elegans in 3D media.png
/assets/papers/Room temperature housing results in premature cancellous bone loss in growing female mice implications for the mouse as a preclinical model for age-re.pdf,/assets/paper_thumbs/Room temperature housing results in premature cancellous bone loss in growing female mice implications for the mouse as a preclinical model for age-re.png
/assets/papers/Root growth movements Waving and skewing..pdf,/assets/paper_thumbs/Root growth movements Waving and skewing..png
/assets/papers/Root skewing-associated genes impact the spaceflight response of Arabidopsis thaliana..pdf,/assets/paper_thumbs/Root skewing-associated genes impact the spaceflight response of Arabidopsis thaliana..png
/assets/papers/Routine omics collection is a golden opportunity for European human research in space and analog environments..pdf,/assets/paper_thumbs/Routine omics collection is a golden opportunity for European human research in space and analog environments..png
/assets/papers/Safety and pharmacokinetics of intranasally administered heparin.pdf,/assets/paper_thumbs/Safety and pharmacokinetics of intranasally administered heparin.png
"/assets/papers/Secretome profiling reveals acute changes in oxidative stress, brain homeostasis, and coagulation following short-duration spaceflight.pdf","/assets/paper_thumbs/Secretome profiling reveals acute changes in oxidative stress, brain homeostasis, and coagulation following short-duration spaceflight.png"
/assets/papers/Sex-specific cardiovascular adaptations to simulated microgravity in Sprague-Dawley rats.pdf,/assets/paper_thumbs/Sex-specific cardiovascular adaptations to simulated microgravity in Sprague-Dawley rats.png
/assets/papers/Sierra Nevada sweep Metagenomic measurements of bioaerosols vertically distributed across the troposphere..pdf,/assets/paper_thumbs/Sierra Nevada sweep Metagenomic measurements of bioaerosols vertically distributed across the troposphere..png
/assets/papers/Simulated Microgravity Enhances Oligodendrocyte Mitochondrial Function and Lipid Metabolism.pdf,/assets/paper_thumbs/Simulated Microgravity Enhances Oligodendrocyte Mitochondrial Function and Lipid Metabolism.png
/assets/papers/Simulated microgravity induces regionally distinct neurovascular and structural remodeling of skeletal muscle and cutaneous arteries in the rat.pdf,/assets/paper_thumbs/Simulated microgravity induces regionally distinct neurovascular and structural remodeling of skeletal muscle and cutaneous arteries in the rat.png
/assets/papers/Single-cell analysis identifies conserved features of immune dysfunction in simulated microgravity and spaceflight.pdf,/assets/paper_thumbs/Single-cell analysis identifies conserved features of immune dysfunction in simulated microgravity and spaceflight.png
"/assets/papers/Single-cell multi-ome and immune profiles of the Inspiration4 crew reveal conserved, cell-type, and sex-specific responses to spaceflight.pdf","/assets/paper_thumbs/Single-cell multi-ome and immune profiles of the Inspiration4 crew reveal conserved, cell-type, and sex-specific responses to spaceflight.png"
/assets/papers/Skewing in Arabidopsis roots involves disparate environmental signaling pathways..pdf,/assets/paper_thumbs/Skewing in Arabidopsis roots involves disparate environmental signaling pathways..png
/assets/papers/Space radiation damage rescued by inhibition of key spaceflight associated miRNAs.pdf,/assets/paper_thumbs/Space radiation damage rescued by inhibition of key spaceflight associated miRNAs.png
/assets/papers/Spaceflight Activates Lipotoxic Pathways in Mouse Liver.pdf,/assets/paper_thumbs/Spaceflight Activates Lipotoxic Pathways in Mouse Liver.png
/assets/papers/Spaceflight Induces Specific Alterations in the Proteomes of Arabidopsis.pdf,/assets/paper_thumbs/Spaceflight Induces Specific Alterations in the Proteomes of Arabidopsis.png
/assets/papers/Spaceflight and hind limb unloading induces an arthritic phenotype in knee articular cartilage and menisci of rodents.pdf,/assets/paper_thumbs/Spaceflight and hind limb unloading induces an arthritic phenotype in knee articular cartilage and menisci of rodents.png
/assets/papers/Spaceflight and simulated microgravity conditions increase virulence of Serratia marcescens in the Drosophila melanogaster infection model..pdf,/assets/paper_thumbs/Spaceflight and simulated microgravity conditions increase virulence of Serratia marcescens in the Drosophila melanogaster infection model..png
/assets/papers/Spaceflight enhances cell aggregation and random budding in Candida albicans..pdf,/assets/paper_thumbs/Spaceflight enhances cell aggregation and random budding in Candida albicans..png
/assets/papers/Spaceflight induces changes in gene expression profiles linked to insulin and estrogen.pdf,/assets/paper_thumbs/Spaceflight induces changes in gene expression profiles linked to insulin and estrogen.png
/assets/papers/Spaceflight induces novel regulatory responses in Arabidopsis seedling as revealed by combined proteomic and transcriptomic analyses..pdf,/assets/paper_thumbs/Spaceflight induces novel regulatory responses in Arabidopsis seedling as revealed by combined proteomic and transcriptomic analyses..png
"/assets/papers/Spaceflight influences gene expression, photoreceptor integrity, and oxidative stress-related damage in the murine retina..pdf","/assets/paper_thumbs/Spaceflight influences gene expression, photoreceptor integrity, and oxidative stress-related damage in the murine retina..png"
/assets/papers/Spaceflight promotes biofilm formation by Pseudomonas aeruginosa..pdf,/assets/paper_thumbs/Spaceflight promotes biofilm formation by Pseudomonas aeruginosa..png
/assets/papers/Spaceflight transcriptomes unique responses to a novel environment..pdf,/assets/paper_thumbs/Spaceflight transcriptomes unique responses to a novel environment..png
/assets/papers/Spaceflight-associated vascular remodeling and gene expression in mouse calvaria..pdf,/assets/paper_thumbs/Spaceflight-associated vascular remodeling and gene expression in mouse calvaria..png
/assets/papers/Spaceflight-induced alternative splicing during seedling development in Arabidopsis thaliana..pdf,/assets/paper_thumbs/Spaceflight-induced alternative splicing during seedling development in Arabidopsis thaliana..png
/assets/papers/Spaceflight-induced vertebral bone loss in ovariectomized rats is associated with increased bone marrow adiposity and no change in bone formation.pdf,/assets/paper_thumbs/Spaceflight-induced vertebral bone loss in ovariectomized rats is associated with increased bone marrow adiposity and no change in bone formation.png
/assets/papers/Spatial and temporal characteristics of vestibular convergence.pdf,/assets/paper_thumbs/Spatial and temporal characteristics of vestibular convergence.png
/assets/papers/Spatial multi-omics of human skin reveals KRAS and inflammatory responses to spaceflight.pdf,/assets/paper_thumbs/Spatial multi-omics of human skin reveals KRAS and inflammatory responses to spaceflight.png
/assets/papers/Spatial omics technologies at multimodal and single cellsubcellular level..pdf,/assets/paper_thumbs/Spatial omics technologies at multimodal and single cellsubcellular level..png
/assets/papers/Spatial regulation of a common precursor from two distinct genes generates metabolite diversity.pdf,/assets/paper_thumbs/Spatial regulation of a common precursor from two distinct genes generates metabolite diversity.png
/assets/papers/Spatially resolved multiomics on the neuronal effects induced by spaceflight in mice.pdf,/assets/paper_thumbs/Spatially resolved multiomics on the neuronal effects induced by spaceflight in mice.png
/assets/papers/Spatiotemporal expression and control of haemoglobin in space.pdf,/assets/paper_thumbs/Spatiotemporal expression and control of haemoglobin in space.png
"/assets/papers/Strategies, research priorities, and challenges for the exploration of space beyond low-Earth orbit.pdf","/assets/paper_thumbs/Strategies, research priorities, and challenges for the exploration of space beyond low-Earth orbit.png"
/assets/papers/Structural and functional properties of bone are compromised in amyotrophic lateral sclerosis mice..pdf,/assets/paper_thumbs/Structural and functional properties of bone are compromised in amyotrophic lateral sclerosis mice..png
/assets/papers/Succession and persistence of microbial communities and antimicrobial resistance genes associated with International Space Station environmental surfa.pdf,/assets/paper_thumbs/Succession and persistence of microbial communities and antimicrobial resistance genes associated with International Space Station environmental surfa.png
"/assets/papers/TNO1, a TGN-localized SNARE-interacting protein, modulates root skewing in Arabidopsis thaliana..pdf","/assets/paper_thumbs/TNO1, a TGN-localized SNARE-interacting protein, modulates root skewing in Arabidopsis thaliana..png"
/assets/papers/TPC_201800316D.pdf,/assets/paper_thumbs/TPC_201800316D.png
/assets/papers/TPC_202000453DR1.pdf,/assets/paper_thumbs/TPC_202000453DR1.png
/assets/papers/TPJ-107-1283.pdf,/assets/paper_thumbs/TPJ-107-1283.png
/assets/papers/Tardigrades Use Intrinsically Disordered Proteins to Survive Desiccation..pdf,/assets/paper_thumbs/Tardigrades Use Intrinsically Disordered Proteins to Survive Desiccation..png
/assets/papers/Telomeric RNA (TERRA) increases in response to spaceflight and high-altitude climbing.pdf,/assets/paper_thumbs/Telomeric RNA (TERRA) increases in response to spaceflight and high-altitude climbing.png
/assets/papers/Test of Arabidopsis Space Transcriptome A discovery environment to explore multiple plant biology spaceflight experiments..pdf,/assets/paper_thumbs/Test of Arabidopsis Space Transcriptome A discovery environment to explore multiple plant biology spaceflight experiments..png
/assets/papers/The FASEB Journal - 2010 - Yang - Manipulating the permeation of charged compounds through the MscL nanovalve.pdf,/assets/paper_thumbs/The FASEB Journal - 2010 - Yang - Manipulating the permeation of charged compounds through the MscL nanovalve.png
/assets/papers/The FASEB Journal - 2011 - Hughes‐Fulford - To infinity   and beyond  Human spaceflight and life science.pdf,/assets/paper_thumbs/The FASEB Journal - 2011 - Hughes‐Fulford - To infinity   and beyond  Human spaceflight and life science.png
/assets/papers/The FASEB Journal - 2012 - Behnke - Effects of spaceflight and ground recovery on mesenteric artery and vein constrictor.pdf,/assets/paper_thumbs/The FASEB Journal - 2012 - Behnke - Effects of spaceflight and ground recovery on mesenteric artery and vein constrictor.png
/assets/papers/The FASEB Journal - 2013 - Taylor - Spaceflight‐induced alterations in cerebral artery vasoconstrictor  mechanical  and.pdf,/assets/paper_thumbs/The FASEB Journal - 2013 - Taylor - Spaceflight‐induced alterations in cerebral artery vasoconstrictor  mechanical  and.png
/assets/papers/The FASEB Journal - 2015 - Hughes‐Fulford - Spaceflight alters expression of microRNA during T‐cell activation.pdf,/assets/paper_thumbs/The FASEB Journal - 2015 - Hughes‐Fulford - Spaceflight alters expression of microRNA during T‐cell activation.png
/assets/papers/The FASEB Journal - 2017 - Chang - Spaceflight impairs antigen‐specific tolerance induction in vivo and increases.pdf,/assets/paper_thumbs/The FASEB Journal - 2017 - Chang - Spaceflight impairs antigen‐specific tolerance induction in vivo and increases.png
/assets/papers/The Plant Health Monitoring System of the EDEN ISS Space Greenhouse in Antarctica during the 2018 experiment phase.pdf,/assets/paper_thumbs/The Plant Health Monitoring System of the EDEN ISS Space Greenhouse in Antarctica during the 2018 experiment phase.png
/assets/papers/The Space Omics and Medical Atlas (SOMA) and international astronaut biobank.pdf,/assets/paper_thumbs/The Space Omics and Medical Atlas (SOMA) and international astronaut biobank.png
/assets/papers/The dynamics of protein-protein interactions between domains of MscL at the cytoplasmic-lipid interface.pdf,/assets/paper_thumbs/The dynamics of protein-protein interactions between domains of MscL at the cytoplasmic-lipid interface.png
/assets/papers/The effect of spaceflight on the gravity-sensing auxin gradient of roots GFP reporter gene microscopy on orbit..pdf,/assets/paper_thumbs/The effect of spaceflight on the gravity-sensing auxin gradient of roots GFP reporter gene microscopy on orbit..png
/assets/papers/The influence of spaceflight on the astronaut salivary microbiome and the search for a microbiome biomarker for viral reactivation.pdf,/assets/paper_thumbs/The influence of spaceflight on the astronaut salivary microbiome and the search for a microbiome biomarker for viral reactivation.png
/assets/papers/The oligomeric state of the truncated mechanosensitive channel of large conductance shows no variance in vivo..pdf,/assets/paper_thumbs/The oligomeric state of the truncated mechanosensitive channel of large conductance shows no variance in vivo..png
/assets/papers/The rapid diagnosis and effective inhibition of coronavirus using spike antibody attached gold nanoparticles.pdf,/assets/paper_thumbs/The rapid diagnosis and effective inhibition of coronavirus using spike antibody attached gold nanoparticles.png
"/assets/papers/The role of FGF-2 and BMP-2 in regulation of gene induction, cell proliferation and mineralization..pdf","/assets/paper_thumbs/The role of FGF-2 and BMP-2 in regulation of gene induction, cell proliferation and mineralization..png"
/assets/papers/The smallest space miners Principles of space biomining.pdf,/assets/paper_thumbs/The smallest space miners Principles of space biomining.png
/assets/papers/Three routes to modulate the pore size of the MscL channelnanovalve.pdf,/assets/paper_thumbs/Three routes to modulate the pore size of the MscL channelnanovalve.png
/assets/papers/Three-dimensional organotypic co-culture model of intestinal epithelial cells and macrophages to study Salmonella enterica colonization patterns..pdf,/assets/paper_thumbs/Three-dimensional organotypic co-culture model of intestinal epithelial cells and macrophages to study Salmonella enterica colonization patterns..png
/assets/papers/To boldly go where no microRNAs have gone before Spaceflight impact on risk for small-for-gestational-age infants..pdf,/assets/paper_thumbs/To boldly go where no microRNAs have gone before Spaceflight impact on risk for small-for-gestational-age infants..png
/assets/papers/To boldly go where no microRNAs have gone before Spaceflight impact on risk for small-for-gestational-age infants.pdf,/assets/paper_thumbs/To boldly go where no microRNAs have gone before Spaceflight impact on risk for small-for-gestational-age infants.png
/assets/papers/Toll mediated infection response is altered by gravity and spaceflight in Drosophila.pdf,/assets/paper_thumbs/Toll mediated infection response is altered by gravity and spaceflight in Drosophila.png
/assets/papers/Toward sustainable space exploration a roadmap for harnessing the power of microorganisms..pdf,/assets/paper_thumbs/Toward sustainable space exploration a roadmap for harnessing the power of microorganisms..png
/assets/papers/Transcriptional and proteomic responses of Pseudomonas aeruginosa PAO1 to spaceflight conditions involve Hfq regulation and reveal a role for oxygen..pdf,/assets/paper_thumbs/Transcriptional and proteomic responses of Pseudomonas aeruginosa PAO1 to spaceflight conditions involve Hfq regulation and reveal a role for oxygen..png
/assets/papers/Transcriptome and proteome responses in RNAlater preserved tissue of Arabidopsis thaliana..pdf,/assets/paper_thumbs/Transcriptome and proteome responses in RNAlater preserved tissue of Arabidopsis thaliana..png
/assets/papers/Transcriptomics analysis reveals molecular alterations underpinning spaceflight dermatology..pdf,/assets/paper_thumbs/Transcriptomics analysis reveals molecular alterations underpinning spaceflight dermatology..png
/assets/papers/Understanding macrophage differentiation during space flight The importance of ground-based experiments before space flight.pdf,/assets/paper_thumbs/Understanding macrophage differentiation during space flight The importance of ground-based experiments before space flight.png
"/assets/papers/Unfolded protein response in plants one master, many questions..pdf","/assets/paper_thumbs/Unfolded protein response in plants one master, many questions..png"
/assets/papers/Utilization of single‚Äêimage normalized difference vegetation index (SI‚ÄêNDVI) for early plant stress detection.pdf,/assets/paper_thumbs/Utilization of single‚Äêimage normalized difference vegetation index (SI‚ÄêNDVI) for early plant stress detection.png
/assets/papers/Validation of a new Rodent experimental System to investigate consequences of Long Duration Space Habitation.pdf,/assets/paper_thumbs/Validation of a new Rodent experimental System to investigate consequences of Long Duration Space Habitation.png
/assets/papers/Vive la radior√©sistance! Converging research in radiobiology and biogerontology to enhance human radioresistance for deep space exploration and colon.pdf,/assets/paper_thumbs/Vive la radior√©sistance! Converging research in radiobiology and biogerontology to enhance human radioresistance for deep space exploration and colon.png
/assets/papers/Whole metagenome profiles of particulates collected from the International Space Station.pdf,/assets/paper_thumbs/Whole metagenome profiles of particulates collected from the International Space Station.png
/assets/papers/animals-03-00513.pdf,/assets/paper_thumbs/animals-03-00513.png
/assets/papers/ao2c00113.pdf,/assets/paper_thumbs/ao2c00113.png
/assets/papers/bio-01-06-570.pdf,/assets/paper_thumbs/bio-01-06-570.png
/assets/papers/bioengineering-11-00011.pdf,/assets/paper_thumbs/bioengineering-11-00011.png
/assets/papers/biology-13-01088.pdf,/assets/paper_thumbs/biology-13-01088.png
/assets/papers/biomolecules-13-00201.pdf,/assets/paper_thumbs/biomolecules-13-00201.png
/assets/papers/biomolecules-13-00371.pdf,/assets/paper_thumbs/biomolecules-13-00371.png
/assets/papers/booth-blount-2012-the-mscs-and-mscl-families-of-mechanosensitive-channels-act-as-microbial-emergency-release-valves.pdf,/assets/paper_thumbs/booth-blount-2012-the-mscs-and-mscl-families-of-mechanosensitive-channels-act-as-microbial-emergency-release-valves.png
/assets/papers/boothby-goldstein-2016-reply-to-bemm-et-al-and-arakawa-identifying-foreign-genes-in-independent-hypsibius-dujardini.pdf,/assets/paper_thumbs/boothby-goldstein-2016-reply-to-bemm-et-al-and-arakawa-identifying-foreign-genes-in-independent-hypsibius-dujardini.png
/assets/papers/cancers-12-00381-v2.pdf,/assets/paper_thumbs/cancers-12-00381-v2.png
/assets/papers/cells-10-00560-v2.pdf,/assets/paper_thumbs/cells-10-00560-v2.png
/assets/papers/cells-12-00270.pdf,/assets/paper_thumbs/cells-12-00270.png
/assets/papers/cells-12-02249.pdf,/assets/paper_thumbs/cells-12-02249.png
/assets/papers/cells-12-02470.pdf,/assets/paper_thumbs/cells-12-02470.png
/assets/papers/cells-14-00417.pdf,/assets/paper_thumbs/cells-14-00417.png
/assets/papers/cwac042.pdf,/assets/paper_thumbs/cwac042.png
/assets/papers/davis-et-al-2013-differential-effects-of-aging-and-exercise-on-intra-abdominal-adipose-arteriolar-function-and-blood.pdf,/assets/paper_thumbs/davis-et-al-2013-differential-effects-of-aging-and-exercise-on-intra-abdominal-adipose-arteriolar-function-and-blood.png
/assets/papers/dddt-19-1289.pdf,/assets/paper_thumbs/dddt-19-1289.png
/assets/papers/dev136234.pdf,/assets/paper_thumbs/dev136234.png
/assets/papers/e00326-18.pdf,/assets/paper_thumbs/e00326-18.png
/assets/papers/e00476-18.pdf,/assets/paper_thumbs/e00476-18.png
/assets/papers/e00553-16.pdf,/assets/paper_thumbs/e00553-16.png
/assets/papers/e00680-17.pdf,/assets/paper_thumbs/e00680-17.png
/assets/papers/e00696-17.pdf,/assets/paper_thumbs/e00696-17.png
/assets/papers/e00985-13.pdf,/assets/paper_thumbs/e00985-13.png
/assets/papers/e01263-16.pdf,/assets/paper_thumbs/e01263-16.png
/assets/papers/e01554-17.pdf,/assets/paper_thumbs/e01554-17.png
/assets/papers/e01584-17.pdf,/assets/paper_thumbs/e01584-17.png
/assets/papers/e01602-16.pdf,/assets/paper_thumbs/e01602-16.png
/assets/papers/elife-33285.pdf,/assets/paper_thumbs/elife-33285.png
/assets/papers/elife-85193.pdf,/assets/paper_thumbs/elife-85193.png
/assets/papers/endo0040.pdf,/assets/paper_thumbs/endo0040.png
/assets/papers/ers022.pdf,/assets/paper_thumbs/ers022.png
/assets/papers/eru444.pdf,/assets/paper_thumbs/eru444.png
/assets/papers/erv316.pdf,/assets/paper_thumbs/erv316.png
/assets/papers/erw418.pdf,/assets/paper_thumbs/erw418.png
/assets/papers/evad217.pdf,/assets/paper_thumbs/evad217.png
/assets/papers/fpls-11-00005.pdf,/assets/paper_thumbs/fpls-11-00005.png
/assets/papers/genes-12-00337.pdf,/assets/paper_thumbs/genes-12-00337.png
/assets/papers/genes-12-00938.pdf,/assets/paper_thumbs/genes-12-00938.png
/assets/papers/genes-13-00473.pdf,/assets/paper_thumbs/genes-13-00473.png
/assets/papers/genes-15-00975 (1).pdf,/assets/paper_thumbs/genes-15-00975 (1).png
/assets/papers/genes-15-00975.pdf,/assets/paper_thumbs/genes-15-00975.png
/assets/papers/giae066 (1).pdf,/assets/paper_thumbs/giae066 (1).png
/assets/papers/giae066.pdf,/assets/paper_thumbs/giae066.png
/assets/papers/gkaa887.pdf,/assets/paper_thumbs/gkaa887.png
/assets/papers/gkae1116.pdf,/assets/paper_thumbs/gkae1116.png
/assets/papers/ijms-18-01166.pdf,/assets/paper_thumbs/ijms-18-01166.png
/assets/papers/ijms-18-02062.pdf,/assets/paper_thumbs/ijms-18-02062.png
/assets/papers/ijms-18-02117.pdf,/assets/paper_thumbs/ijms-18-02117.png
/assets/papers/ijms-18-02153.pdf,/assets/paper_thumbs/ijms-18-02153.png
/assets/papers/ijms-19-02546.pdf,/assets/paper_thumbs/ijms-19-02546.png
/assets/papers/ijms-19-02961.pdf,/assets/paper_thumbs/ijms-19-02961.png
/assets/papers/ijms-19-03689.pdf,/assets/paper_thumbs/ijms-19-03689.png
/assets/papers/ijms-19-04106.pdf,/assets/paper_thumbs/ijms-19-04106.png
/assets/papers/ijms-20-00007.pdf,/assets/paper_thumbs/ijms-20-00007.png
/assets/papers/ijms-20-00390.pdf,/assets/paper_thumbs/ijms-20-00390.png
/assets/papers/ijms-20-00661.pdf,/assets/paper_thumbs/ijms-20-00661.png
/assets/papers/ijms-20-04094.pdf,/assets/paper_thumbs/ijms-20-04094.png
/assets/papers/ijms-21-06385-v2.pdf,/assets/paper_thumbs/ijms-21-06385-v2.png
/assets/papers/ijms-21-06762.pdf,/assets/paper_thumbs/ijms-21-06762.png
/assets/papers/ijms-22-09088-v2.pdf,/assets/paper_thumbs/ijms-22-09088-v2.png
/assets/papers/ijms-22-09470.pdf,/assets/paper_thumbs/ijms-22-09470.png
/assets/papers/ijms-23-07465-v2.pdf,/assets/paper_thumbs/ijms-23-07465-v2.png
/assets/papers/ijms-23-14320.pdf,/assets/paper_thumbs/ijms-23-14320.png
/assets/papers/ijms-23-14694.pdf,/assets/paper_thumbs/ijms-23-14694.png
/assets/papers/ijms-24-01540.pdf,/assets/paper_thumbs/ijms-24-01540.png
/assets/papers/ijms-24-07362.pdf,/assets/paper_thumbs/ijms-24-07362.png
/assets/papers/ijms-24-11135.pdf,/assets/paper_thumbs/ijms-24-11135.png
/assets/papers/ijms-24-13569.pdf,/assets/paper_thumbs/ijms-24-13569.png
/assets/papers/ijms-25-01980.pdf,/assets/paper_thumbs/ijms-25-01980.png
/assets/papers/ijms-25-10337 (1).pdf,/assets/paper_thumbs/ijms-25-10337 (1).png
/assets/papers/ijms-25-10337.pdf,/assets/paper_thumbs/ijms-25-10337.png
/assets/papers/ijms-25-12041.pdf,/assets/paper_thumbs/ijms-25-12041.png
/assets/papers/ijms-26-02685.pdf,/assets/paper_thumbs/ijms-26-02685.png
/assets/papers/ijms-26-03058.pdf,/assets/paper_thumbs/ijms-26-03058.png
/assets/papers/ijms-26-03094.pdf,/assets/paper_thumbs/ijms-26-03094.png
/assets/papers/jeb118729.pdf,/assets/paper_thumbs/jeb118729.png
/assets/papers/joa0226-0224.pdf,/assets/paper_thumbs/joa0226-0224.png
/assets/papers/jof-08-00165.pdf,/assets/paper_thumbs/jof-08-00165.png
/assets/papers/jove-126-56142.pdf,/assets/paper_thumbs/jove-126-56142.png
/assets/papers/kiaa098.pdf,/assets/paper_thumbs/kiaa098.png
/assets/papers/kiac375.pdf,/assets/paper_thumbs/kiac375.png
/assets/papers/koab115.pdf,/assets/paper_thumbs/koab115.png
/assets/papers/latchney-et-al-2014-the-effect-of-spaceflight-on-mouse-olfactory-bulb-volume-neurogenesis-and-cell-death-indicates-the.pdf,/assets/paper_thumbs/latchney-et-al-2014-the-effect-of-spaceflight-on-mouse-olfactory-bulb-volume-neurogenesis-and-cell-death-indicates-the.png
/assets/papers/lawler-et-al-2014-euk-134-ameliorates-nnosμ-translocation-and-skeletal-muscle-fiber-atrophy-during-short-term.pdf,/assets/paper_thumbs/lawler-et-al-2014-euk-134-ameliorates-nnosμ-translocation-and-skeletal-muscle-fiber-atrophy-during-short-term.png
/assets/papers/life-04-00250.pdf,/assets/paper_thumbs/life-04-00250.png
/assets/papers/life-10-00187.pdf,/assets/paper_thumbs/life-10-00187.png
/assets/papers/life-10-00235.pdf,/assets/paper_thumbs/life-10-00235.png
/assets/papers/life-11-00033.pdf,/assets/paper_thumbs/life-11-00033.png
/assets/papers/life-11-00042.pdf,/assets/paper_thumbs/life-11-00042.png
/assets/papers/life-11-00283.pdf,/assets/paper_thumbs/life-11-00283.png
/assets/papers/life-11-00849.pdf,/assets/paper_thumbs/life-11-00849.png
/assets/papers/life-11-00960.pdf,/assets/paper_thumbs/life-11-00960.png
/assets/papers/life-11-01010.pdf,/assets/paper_thumbs/life-11-01010.png
/assets/papers/life-11-01060.pdf,/assets/paper_thumbs/life-11-01060.png
/assets/papers/life-12-00144.pdf,/assets/paper_thumbs/life-12-00144.png
/assets/papers/life-12-00495.pdf,/assets/paper_thumbs/life-12-00495.png
/assets/papers/life-12-00660.pdf,/assets/paper_thumbs/life-12-00660.png
/assets/papers/life-12-01168.pdf,/assets/paper_thumbs/life-12-01168.png
/assets/papers/life-12-01399.pdf,/assets/paper_thumbs/life-12-01399.png
/assets/papers/life-12-01484.pdf,/assets/paper_thumbs/life-12-01484.png
/assets/papers/life-12-01809.pdf,/assets/paper_thumbs/life-12-01809.png
/assets/papers/life-12-01838.pdf,/assets/paper_thumbs/life-12-01838.png
/assets/papers/life-12-01871.pdf,/assets/paper_thumbs/life-12-01871.png
/assets/papers/life-13-00200.pdf,/assets/paper_thumbs/life-13-00200.png
/assets/papers/life-13-00576.pdf,/assets/paper_thumbs/life-13-00576.png
/assets/papers/life-13-00626.pdf,/assets/paper_thumbs/life-13-00626.png
/assets/papers/life-13-01001.pdf,/assets/paper_thumbs/life-13-01001.png
/assets/papers/life-13-02051.pdf,/assets/paper_thumbs/life-13-02051.png
/assets/papers/lxaf076.pdf,/assets/paper_thumbs/lxaf076.png
/assets/papers/main (1).pdf,/assets/paper_thumbs/main (1).png
/assets/papers/main (10).pdf,/assets/paper_thumbs/main (10).png
/assets/papers/main (11).pdf,/assets/paper_thumbs/main (11).png
/assets/papers/main (12).pdf,/assets/paper_thumbs/main (12).png
/assets/papers/main (13).pdf,/assets/paper_thumbs/main (13).png
/assets/papers/main (14).pdf,/assets/paper_thumbs/main (14).png
/assets/papers/main (15).pdf,/assets/paper_thumbs/main (15).png
/assets/papers/main (16).pdf,/assets/paper_thumbs/main (16).png
/assets/papers/main (17).pdf,/assets/paper_thumbs/main (17).png
/assets/papers/main (18).pdf,/assets/paper_thumbs/main (18).png
/assets/papers/main (19).pdf,/assets/paper_thumbs/main (19).png
/assets/papers/main (2).pdf,/assets/paper_thumbs/main (2).png
/assets/papers/main (20).pdf,/assets/paper_thumbs/main (20).png
/assets/papers/main (21).pdf,/assets/paper_thumbs/main (21).png
/assets/papers/main (22).pdf,/assets/paper_thumbs/main (22).png
/assets/papers/main (23).pdf,/assets/paper_thumbs/main (23).png
/assets/papers/main (24).pdf,/assets/paper_thumbs/main (24).png
/assets/papers/main (25).pdf,/assets/paper_thumbs/main (25).png
/assets/papers/main (26).pdf,/assets/paper_thumbs/main (26).png
/assets/papers/main (27).pdf,/assets/paper_thumbs/main (27).png
/assets/papers/main (28).pdf,/assets/paper_thumbs/main (28).png
/assets/papers/main (29).pdf,/assets/paper_thumbs/main (29).png
/assets/papers/main (3).pdf,/assets/paper_thumbs/main (3).png
/assets/papers/main (30).pdf,/assets/paper_thumbs/main (30).png
/assets/papers/main (4).pdf,/assets/paper_thumbs/main (4).png
/assets/papers/main (5).pdf,/assets/paper_thumbs/main (5).png
/assets/papers/main (6).pdf,/assets/paper_thumbs/main (6).png
/assets/papers/main (7).pdf,/assets/paper_thumbs/main (7).png
/assets/papers/main (8).pdf,/assets/paper_thumbs/main (8).png
/assets/papers/main (9).pdf,/assets/paper_thumbs/main (9).png
/assets/papers/main.pdf,/assets/paper_thumbs/main.png
/assets/papers/medi-104-e42125.pdf,/assets/paper_thumbs/medi-104-e42125.png
/assets/papers/metabolites-12-01205.pdf,/assets/paper_thumbs/metabolites-12-01205.png
/assets/papers/micromachines-13-00688.pdf,/assets/paper_thumbs/micromachines-13-00688.png
/assets/papers/microorganisms-10-01714.pdf,/assets/paper_thumbs/microorganisms-10-01714.png
/assets/papers/microorganisms-11-01830.pdf,/assets/paper_thumbs/microorganisms-11-01830.png
/assets/papers/muller-delp-et-al-2018-effects-of-age-and-exercise-training-on-coronary-microvascular-smooth-muscle-phenotype-and.pdf,/assets/paper_thumbs/muller-delp-et-al-2018-effects-of-age-and-exercise-training-on-coronary-microvascular-smooth-muscle-phenotype-and.png
/assets/papers/n-3 Polyunsaturated fatty acids supplementation in peripheral artery disease the OMEGA-PAD trial.pdf,/assets/paper_thumbs/n-3 Polyunsaturated fatty acids supplementation in peripheral artery disease the OMEGA-PAD trial.png
/assets/papers/nihms-1066938.pdf,/assets/paper_thumbs/nihms-1066938.png
/assets/papers/nihms-1518386 (1).pdf,/assets/paper_thumbs/nihms-1518386 (1).png
/assets/papers/nihms-1518386.pdf,/assets/paper_thumbs/nihms-1518386.png
/assets/papers/nihms-1531213.pdf,/assets/paper_thumbs/nihms-1531213.png
/assets/papers/nihms-1545090 (1).pdf,/assets/paper_thumbs/nihms-1545090 (1).png
/assets/papers/nihms-1545090.pdf,/assets/paper_thumbs/nihms-1545090.png
/assets/papers/nihms-1545138.pdf,/assets/paper_thumbs/nihms-1545138.png
/assets/papers/nihms-1645808.pdf,/assets/paper_thumbs/nihms-1645808.png
/assets/papers/nihms-1698635.pdf,/assets/paper_thumbs/nihms-1698635.png
/assets/papers/nihms-1703503.pdf,/assets/paper_thumbs/nihms-1703503.png
/assets/papers/nihms-1718152.pdf,/assets/paper_thumbs/nihms-1718152.png
/assets/papers/nihms-1745158.pdf,/assets/paper_thumbs/nihms-1745158.png
/assets/papers/nihms-1838736.pdf,/assets/paper_thumbs/nihms-1838736.png
/assets/papers/nihms-1859904.pdf,/assets/paper_thumbs/nihms-1859904.png
/assets/papers/nihms-1881633.pdf,/assets/paper_thumbs/nihms-1881633.png
/assets/papers/nihms-1980322.pdf,/assets/paper_thumbs/nihms-1980322.png
/assets/papers/nihms-1991549.pdf,/assets/paper_thumbs/nihms-1991549.png
/assets/papers/nihms-361876.pdf,/assets/paper_thumbs/nihms-361876.png
/assets/papers/nihms-837856.pdf,/assets/paper_thumbs/nihms-837856.png
/assets/papers/nihms-987236.pdf,/assets/paper_thumbs/nihms-987236.png
/assets/papers/nihms-989173.pdf,/assets/paper_thumbs/nihms-989173.png
/assets/papers/nihms196166.pdf,/assets/paper_thumbs/nihms196166.png
/assets/papers/nihms538200.pdf,/assets/paper_thumbs/nihms538200.png
/assets/papers/nihms549401.pdf,/assets/paper_thumbs/nihms549401.png
/assets/papers/nihms575269.pdf,/assets/paper_thumbs/nihms575269.png
/assets/papers/nihms604546.pdf,/assets/paper_thumbs/nihms604546.png
/assets/papers/nihms611414.pdf,/assets/paper_thumbs/nihms611414.png
/assets/papers/nihms665518.pdf,/assets/paper_thumbs/nihms665518.png
/assets/papers/nihms838977.pdf,/assets/paper_thumbs/nihms838977.png
/assets/papers/nihms843552.pdf,/assets/paper_thumbs/nihms843552.png
/assets/papers/nihms866074.pdf,/assets/paper_thumbs/nihms866074.png
/assets/papers/nihms868218.pdf,/assets/paper_thumbs/nihms868218.png
/assets/papers/nihms915018.pdf,/assets/paper_thumbs/nihms915018.png
/assets/papers/nihms924608.pdf,/assets/paper_thumbs/nihms924608.png
/assets/papers/nihms925100.pdf,/assets/paper_thumbs/nihms925100.png
/assets/papers/nihms926549.pdf,/assets/paper_thumbs/nihms926549.png
/assets/papers/nihms926550 (1).pdf,/assets/paper_thumbs/nihms926550 (1).png
/assets/papers/nihms926550 (2).pdf,/assets/paper_thumbs/nihms926550 (2).png
/assets/papers/nihms926550.pdf,/assets/paper_thumbs/nihms926550.png
/assets/papers/nutrients-12-01482.pdf,/assets/paper_thumbs/nutrients-12-01482.png
/assets/papers/pathogens-12-00143.pdf,/assets/paper_thumbs/pathogens-12-00143.png
/assets/papers/pbab012.pdf,/assets/paper_thumbs/pbab012.png
/assets/papers/pbae007.pdf,/assets/paper_thumbs/pbae007.png
/assets/papers/plants-11-01191.pdf,/assets/paper_thumbs/plants-11-01191.png
/assets/papers/plants-13-00073.pdf,/assets/paper_thumbs/plants-13-00073.png
/assets/papers/plcell_v28_3_746.pdf,/assets/paper_thumbs/plcell_v28_3_746.png
/assets/papers/plcell_v30_6_1173.pdf,/assets/paper_thumbs/plcell_v30_6_1173.png
/assets/papers/ply075.pdf,/assets/paper_thumbs/ply075.png
/assets/papers/prisby-et-al-2015-effects-of-skeletal-unloading-on-the-vasomotor-properties-of-the-rat-femur-principal-nutrient-artery.pdf,/assets/paper_thumbs/prisby-et-al-2015-effects-of-skeletal-unloading-on-the-vasomotor-properties-of-the-rat-femur-principal-nutrient-artery.png
/assets/papers/psb0609_1365.pdf,/assets/paper_thumbs/psb0609_1365.png
/assets/papers/rrw051.pdf,/assets/paper_thumbs/rrw051.png
/assets/papers/s41598-024-79315-0.pdf,/assets/paper_thumbs/s41598-024-79315-0.png
/assets/papers/sofronova-et-al-2015-spaceflight-on-the-bion-m1-biosatellite-alters-cerebral-artery-vasomotor-and-mechanical-properties.pdf,/assets/paper_thumbs/sofronova-et-al-2015-spaceflight-on-the-bion-m1-biosatellite-alters-cerebral-artery-vasomotor-and-mechanical-properties.png
/assets/papers/sultemeier-et-al-2017-spaceflight-induced-synaptic-modifications-within-hair-cells-of-the-mammalian-utricle.pdf,/assets/paper_thumbs/sultemeier-et-al-2017-spaceflight-induced-synaptic-modifications-within-hair-cells-of-the-mammalian-utricle.png
/assets/papers/ti-38-14565.pdf,/assets/paper_thumbs/ti-38-14565.png
/assets/papers/tjp0593-1981.pdf,/assets/paper_thumbs/tjp0593-1981.png
/assets/papers/viruses-15-00859.pdf,/assets/paper_thumbs/viruses-15-00859.png
/assets/papers/wagner-et-al-2010-partial-weight-suspension-a-novel-murine-model-for-investigating-adaptation-to-reduced.pdf,/assets/paper_thumbs/wagner-et-al-2010-partial-weight-suspension-a-novel-murine-model-for-investigating-adaptation-to-reduced.png
/assets/papers/wrad024.pdf,/assets/paper_thumbs/wrad024.png
/assets/papers/zac5964.pdf,/assets/paper_thumbs/zac5964.png
/assets/papers/zam104.pdf,/assets/paper_thumbs/zam104.png
/assets/papers/zam4788.pdf,/assets/paper_thumbs/zam4788.png
/assets/papers/zbc1308.pdf,/assets/paper_thumbs/zbc1308.png
/assets/papers/zii3576.pdf,/assets/paper_thumbs/zii3576.png
/assets/papers/zjw686.pdf,/assets/paper_thumbs/zjw686.png
/assets/papers/Œ±Klotho decreases after reduced weight-bearing from both spaceflight and hindlimb unloading.pdf,/assets/paper_thumbs/Œ±Klotho decreases after reduced weight-bearing from both spaceflight and hindlimb unloading.png
