title,path
Bone Reports,/assets/papers/1-s2.0-S2352187218300536-main.pdf
mechanical properties of mouse vertebrae Eﬀects of ex vivo ionizing radiation on collagen structure and whole-bone,/assets/papers/1-s2.0-S875632821930331X-main.pdf
of Leptopilina heterotoma Are Encoded in the Immune Suppressive Extracellular Vesicle Proteins,/assets/papers/1.pdf
The Effect of Different Concentrations of Epinephrine in Otoendoscopic Surgery,/assets/papers/10.1177_19160216241288811.pdf
Immunization induces inflammation in the mouse heart during spaceflight,/assets/papers/12864_2025_Article_11426.pdf
14-3-3 Phosphoprotein interaction networks – does isoform diversity present functional interaction,/assets/papers/14-3-3 phosphoprotein interaction networks - does isoform diversity present functional interaction specification.pdf
Ethylene-Induced Flavonol Accumulation in Guard Cells Suppresses Reactive Oxygen Species and Moderates,/assets/papers/1707.pdf
"Partial Reductions in Mechanical Loading Yield Proportional Changes in Bone Density, Bone",/assets/papers/1814_ftp.pdf
"Jennifer R. Tenlen, Frank W. Smith, Jeremy R. Wang, Kiera A. Patanella, Erin Osborne Nishimura, Sophia C. Tintori, Qing Li",/assets/papers/2016-correction-for-boothby-et-al-evidence-for-extensive-horizontal-gene-transfer-from-the-draft-genome-of-a-tardigrade.pdf
The Drosophila SUN protein Spag4 cooperates with the coiled-coil protein Yuri Gagarin to maintain,/assets/papers/2763.pdf
New Device for High-Throughput Viability Screening of Flow Bioﬁlms(cid:1),/assets/papers/3065-09.pdf
Predicting how varying moisture conditions impact the microbiome of dust collected,/assets/papers/40168_2024_Article_1864 (1).pdf
Predicting how varying moisture conditions impact the microbiome of dust collected,/assets/papers/40168_2024_Article_1864.pdf
Adaptation to space conditions of novel bacterial species isolated from the International,/assets/papers/40168_2024_Article_1916 (1).pdf
Adaptation to space conditions of novel bacterial species isolated from the International,/assets/papers/40168_2024_Article_1916.pdf
"Glutathione triggers leaf-to-leaf, calcium based plant defense signaling",/assets/papers/41467_2025_Article_57239.pdf
Spaceﬂight alters host-gut microbiota,/assets/papers/41522_2024_Article_545.pdf
NASA GeneLab derived microarray studies of Mus musculus and Homo,/assets/papers/41526_2024_Article_392.pdf
Spaceﬂight increases sarcoplasmic reticulum Ca2+ leak and this cannot be,/assets/papers/41526_2024_Article_419 (1).pdf
Spaceﬂight increases sarcoplasmic reticulum Ca2+ leak and this cannot be,/assets/papers/41526_2024_Article_419.pdf
Simulated microgravity impairs human NK cell cytotoxic activity against space,/assets/papers/41526_2024_Article_424 (1).pdf
Simulated microgravity impairs human NK cell cytotoxic activity against space,/assets/papers/41526_2024_Article_424.pdf
Characterization of mouse ocular,/assets/papers/41598_2019_Article_44696.pdf
Behavioral and multiomics,/assets/papers/41598_2025_Article_90212.pdf
Identification of therapeutic,/assets/papers/41598_2025_Article_94761.pdf
Protein kinase 2 of the giant sarcomeric protein UNC-89 regulates mitochondrial,/assets/papers/42003_2024_Article_7042 (1).pdf
Protein kinase 2 of the giant sarcomeric protein UNC-89 regulates mitochondrial,/assets/papers/42003_2024_Article_7042.pdf
Possible roles of CAHS proteins from,/assets/papers/49_24035.pdf
TNO1 Is Involved in Salt Tolerance and Vacuolar,/assets/papers/514.pdf
A combined computational strategy of sequence and structural analysis predicts the,/assets/papers/A combined computational strategy of sequence and structural analysis predicts the existence of a functional eicosanoid pathway in Drosophila melanoga.pdf
"A comprehensive SARS-CoV-2 and COVID-19 review, Part 1 Intracellular overdrive for SARS-CoV-2 infection","/assets/papers/A comprehensive SARS-CoV-2 and COVID-19 review, Part 1 Intracellular overdrive for SARS-CoV-2 infection..pdf"
"A comprehensive SARS-CoV-2 and COVID-19 review, Part 2 host extracellular to systemic effects of SARS-CoV-2 infection","/assets/papers/A comprehensive SARS-CoV-2 and COVID-19 review, Part 2 Host extracellular to systemic effects of SARS-CoV-2 infection.pdf"
A Conditional Mutation in SCD1 Reveals Linkage Between PIN,"/assets/papers/A conditional mutation in SCD1 reveals linkage between PIN protein trafficking, auxin transport, gravitropism, and lateral root initiation..pdf"
ApApplicatitionsons,/assets/papers/A method for preparing spaceflight RNAlater-fixed Arabidopsis thaliana (Brassicaceae) tissue for scanning electron microscopy..pdf
A multi‑omics longitudinal study,/assets/papers/A multi-omics longitudinal study of the murine retinal response to chronic low-dose irradiation and simulated microgravity..pdf
A parasitoid wasp of Drosophila employs preemptive and reactive strategies to deplete,/assets/papers/A parasitoid wasp of Drosophila employs preemptive and reactive strategies to deplete its host_s blood cells.pdf
Comparing RNA- Seq and microarray gene expression data in two zones of the Arabidopsis root apex relevant to,/assets/papers/APS3-6-e01197.pdf
Absence of γ-sarcoglycan alters the response of,/assets/papers/Absence of gamma-sarcoglycan alters the response of p70S6 kinase to mechanical perturbation in murine skeletal muscle.pdf
Acceleration proﬁles and processing methods for parabolic ﬂight,/assets/papers/Acceleration profiles and processing methods for parabolic flight..pdf
NIH Public Access,/assets/papers/Acute exposure to high dose gamma-radiation results in transient activation of bone lining cells.pdf
Adaptive Changes in the Vestibular System of Land Snail to a 30-Day,/assets/papers/Adaptive Changes in the Vestibular System of Land Snail to a 30-Day Spaceflight and Readaptation on Return to Earth.pdf
HHS Public Access,/assets/papers/Age-related alterations in the sarcolemmal environment are attenuated by lifelong caloric restriction and voluntary exercise..pdf
Aging and Estrogen Status: A Possible Endothelium Dependent Vascular Coupling Mechanism in Bone,/assets/papers/Aging and estrogen status A possible endothelium-dependent vascular coupling mechanism in bone remodeling..pdf
Aging and putative frailty,/assets/papers/Aging and putative frailty biomarkers are altered by spaceflight.pdf
Alterations in the Spectrum of Spontaneous Rifampicin-Resistance,/assets/papers/Alterations in the Spectrum of Spontaneous Rifampicin-Resistance Mutations in the Bacillus subtilis rpoB Gene after Cultivation in the Human Spaceflig.pdf
NIH Public Access,/assets/papers/Altered disc compression in children with idiopathic low back pain an upright magnetic resonance imaging backpack study.pdf
aureus during spaceﬂight detected by multi-omics data analysis Altered quorum sensing and physiology of Staphylococcus,/assets/papers/Altered quorum sensing and physiology of Staphylococcus aureus during spaceflight detected by multi-omics data analysis.pdf
An extensive allelic series of Drosophila kae1 mutants reveals diverse and tissue-specific requirements for t6A biogenesis,/assets/papers/An extensive allelic series of Drosophila kae1 mutants reveals diverse and tissue-specific requirements for t6A biogenesis.pdf
Analysis of Interactions of SalmonellaType Three Secretion Mutants with 3-D Intestinal Epithelial Cells,/assets/papers/Analysis of interactions of Salmonella type three secretion mutants with 3-D intestinal epithelial cells..pdf
Analyzing the relationship between,/assets/papers/Analyzing the relationship between gene expression and phenotype in space-flown mice using a causal inference machine learning ensemble..pdf
Apollo Lunar Astronauts Show,/assets/papers/Apollo Lunar Astronauts Show Higher Cardiovascular Disease Mortality Possible Deep Space Radiation Effects on the Vascular Endothelium.pdf
differently to extended microgravity Articular cartilage and sternal ﬁbrocartilage respond,/assets/papers/Articular cartilage and sternal fibrocartilage respond differently to extended microgravity..pdf
Assessing the Risk of Transfer of Microorganisms at the International,/assets/papers/Assessing the risk of transfer of microorganisms at the International Space Station due to cargo delivery by commercial resupply vehicles.pdf
Astronaut omics and the impact of space on the human body at scale,/assets/papers/Astronaut omics and the impact of space on the human body at scale.pdf
AtRabD2b and AtRabD2c have overlapping functions in pollen development and pollen,/assets/papers/AtRabD2b and AtRabD2c have overlapping functions in pollen development and pollen tube growth..pdf
The interaction of vortical flows with red cells in venous valve mimics,/assets/papers/BIOMGB-000016-024103_1.pdf
Research Article A Tissue Retrieval and Postharvest Processing,/assets/papers/BMRI2015-475935.pdf
Research Article Genes Required for Survival in Microgravity,/assets/papers/BMRI2015-976458.pdf
NASA Public Access,/assets/papers/Back pain in space and post-flight spine injury Mechanisms and countermeasure development.pdf
minimized on lubricant impregnated surfaces Bioﬁlm formation of Pseudomonas aeruginosa in spaceﬂight is,/assets/papers/Biofilm formation of Pseudomonas aeruginosa in spaceflight is minimized on lubricant impregnated surfaces..pdf
Biological horizons: pioneering open science in the cosmos,/assets/papers/Biological horizons pioneering open science in the cosmos.pdf
Bioreactor development for skeletal muscle hypertrophy and atrophy by manipulating uniaxial cyclic strain: proof of,/assets/papers/Bioreactor development for skeletal muscle hypertrophy and atrophy by manipulating uniaxial cyclic strain Proof of concept..pdf
Bone Marrow Adipose Tissue,/assets/papers/Bone Marrow Adipose Tissue Deficiency Increases Disuse-Induced Bone Loss in Male Mice.pdf
Around Lymphatic Vessels of the Mesentery and Increased Lymphatic Endothelial Permeability Are Blocked,/assets/papers/Burn injury-associated MHCII(+) immune cell accumulation around lymphatic vessels of the mesentery and increased lymphatic endothelial permeability ar.pdf
Mechanosensing antagonizes ethylene signaling to promote root gravitropism,"/assets/papers/Calcium, mechanical signaling, and tip growth.pdf"
International Space Station exhibit altered developmental and Cardiovascular progenitor cells cultured aboard the,/assets/papers/Cardiovascular progenitor cells cultured aboard the International Space Station exhibit altered developmental and functional properties.pdf
Changes in Mouse Thymus and Spleen after Return from the STS-135 Mission in Space,/assets/papers/Changes in Mouse Thymus and Spleen after Return from the STS-135 Mission in Space.pdf
Metabolomic Analysis of Aspergillus niger Isolated From the International,/assets/papers/Characterization of Aspergillus niger Isolated from the International Space Station.pdf
Characterization of gene expression proﬁles in the mouse brain after 35 days of spaceﬂight mission,/assets/papers/Characterization of gene expression profiles in the mouse brain after 35 days of spaceflight mission..pdf
Characterization of metagenome-assembled genomes from the International Space Station,/assets/papers/Characterization of metagenome-assembled genomes from the International Space Station..pdf
Characterization of metagenome-assembled genomes from the International Space Station,/assets/papers/Characterization of metagenome-assembled genomes from the International Space Station.pdf
"Characterization of the Salmonella enterica Serovar Typhimurium ydcI Gene, Which Encodes a Conserved DNA Binding Protein",/assets/papers/Characterization of the Salmonella enterica serovar Typhimurium ydcI gene which encodes a conserved DNA binding protein required for full acid stress.pdf
Characterization of the naive murine antibody repertoire using unamplified high-throughput,/assets/papers/Characterization of the naive murine antibody repertoire using unamplified high-throughput sequencing.pdf
Characterization of the total and viable bacterial and fungal communities,/assets/papers/Characterization of the total and viable bacterial and fungal communities associated with the International Space Station surfaces..pdf
Chondrogenesis and Mineralization During In Vitro Culture of Human Mesenchymal Stem Cells,/assets/papers/Chondrogenesis and mineralization during in vitro culture of human mesenchymal stem cells on three-dimensional woven scaffolds.pdf
Chromosomal positioning,/assets/papers/Chromosomal positioning and epigenetic architecture influence DNA methylation patterns triggered by galactic cosmic radiation.pdf
NIH Public Access,/assets/papers/Chronic skeletal unloading of the rat femur mechanisms and functional consequences of vascular remodeling..pdf
Collection of biospecimens from the inspiration4 mission establishes the,/assets/papers/Collection of biospecimens from the inspiration4 mission establishes the standards for the space omics and medical atlas (SOMA).pdf
Comparative genomic analysis of Cohnella hashimotonis sp. nov.,/assets/papers/Comparative genomic analysis of Cohnella hashimotonis sp. nov. isolated from the International Space Station..pdf
Comparative genomic analysis of Cohnella hashimotonis sp. nov.,/assets/papers/Comparative genomic analysis of Cohnella hashimotonis sp. nov. isolated from the International Space Station.pdf
Comparison of Microgravity Analogs to Spaceflight in Studies of Plant,/assets/papers/Comparison of Microgravity Analogs to Spaceflight in Studies of Plant Growth and Development.pdf
Competitive Growth Assay of Mutagenized Chlamydomonas,/assets/papers/Competitive Growth Assay of Mutagenized Chlamydomonas reinhardtii Compatible With the International Space Station Veggie Plant Growth Chamber..pdf
Effects of altered gravity on growth,/assets/papers/Conducting plant experiments in space and on the Moon.pdf
Conservation of the Low-shear Modeled Microgravity Response in Enterobacteriaceae and Analysis of the trp Genes in this Response,/assets/papers/Conservation of the low-shear modeled microgravity response in Enterobacteriaceae and analysis of the trp genes in this response..pdf
Conserved plant transcriptional responses to microgravity,/assets/papers/Conserved plant transcriptional responses to microgravity from two consecutive spaceflight experiments..pdf
HHS Public Access,/assets/papers/Cortical thinning and structural bone changes in non-human primates after single-fraction whole-chest irradiation..pdf
"Cosmic kidney disease: an integrated pan omic, physiological and morphological study","/assets/papers/Cosmic kidney disease an integrated pan-omic, physiological and morphological study into spaceflight-induced renal dysfunction.pdf"
Crewmember microbiome may influence microbial composition of ISS habitable,/assets/papers/Crewmember microbiome may influence microbial composition of ISS habitable surfaces.pdf
Future space experiment platforms for astrobiology and astrochemistry research,/assets/papers/CubeSats for microbiology and astrobiology research.pdf
Cultivation of Staphylococcus epidermidis in the Human,/assets/papers/Cultivation of Staphylococcus epidermidis in the human spaceflight environment leads to alterations in the frequency and spectrum of spontaneous rifam.pdf
"As an alternative to previously suggested mechanotransduction mechanisms such as matrix deformation or fluid shear, it is possible that cells have mechanisms that allow them to respond to dynamic acceleration rather","/assets/papers/Cytoskeletal configuration modulates mechanically induced changes in mesenchymal stem cell osteogenesis, morphology, and stiffness..pdf"
Cytoskeleton structure and total methylation of mouse cardiac and lung tissue during space,/assets/papers/Cytoskeleton structure and total methylation of mouse cardiac and lung tissue during space flight..pdf
"Desiccation Mitigates Heat Stress in the Resurrection Fern, Pleopeltis","/assets/papers/Desiccation mitigates heat stress in the resurrection fern, Pleopeltis polypodioides.pdf"
"Microbial Tracking-2, a metagenomics analysis of bacteria and fungi onboard",/assets/papers/Detection of antimicrobial resistance genes associated with the International Space Station environmental surfaces.pdf
"Antiviral screening of natural, anti inflammatory compound library against",/assets/papers/Development and characterization of two porcine monocyte-derived macrophage cell lines..pdf
NIH Public Access,/assets/papers/Development of otolith receptors in Japanese quail..pdf
Dietary countermeasure mitigates,/assets/papers/Dietary countermeasure mitigates simulated spaceflight-induced osteopenia in mice.pdf
Direct RNA sequencing of astronaut blood reveals spaceﬂight-associated m6A increases,/assets/papers/Direct RNA sequencing of astronaut blood reveals spaceflight-associated m6A increases and hematopoietic transcriptional responses.pdf
Discoveries from human stem cell research in space that are relevant to,/assets/papers/Discoveries from human stem cell research in space that are relevant to advancing cellular therapies on Earth..pdf
in mechanical loading in rats Dose-dependent skeletal deﬁcits due to varied reductions,/assets/papers/Dose-dependent skeletal deficits due to varied reductions in mechanical loading in rats..pdf
Draft Genome Sequences of Fungi Isolated from the International Space Station during the Microbial Tracking-2,/assets/papers/Draft Genome Sequences of Fungi Isolated from the International Space Station during the Microbial Tracking-2 Experiment.pdf
Dried plum diet protects from bone,/assets/papers/Dried plum diet protects from bone loss caused by ionizing radiation.pdf
Thermoneutral housing attenuates premature cancellous bone loss in male C57BL/6J mice,/assets/papers/EC-19-0359.pdf
MHC Diversity Across Time and Space,/assets/papers/ECE3-15-e71371.pdf
Editorial: Revisiting the limits of plant life - plant adaptations to,/assets/papers/Editorial Revisiting the limits of plant life - plant adaptations to extreme terrestrial environments relating to astrobiology and space biology..pdf
Effect of Leptin Deficiency on the,/assets/papers/Effect of leptin deficiency on the skeletal response to hindlimb unloading in adult male mice..pdf
Effect of spaceflight on Pseudomonas aeruginosa final cell density is modulated by nutrient and,/assets/papers/Effect of spaceflight on Pseudomonas aeruginosa final cell density is modulated by nutrient and oxygen availability..pdf
Effects of angular frequency during clinorotation on mesenchymal stem cell morphology and migration,/assets/papers/Effects of angular frequency during clinorotation on mesenchymal stem cell morphology and migration.pdf
Effects of Gravitational Mechanical,"/assets/papers/Effects of gravitational mechanical unloading in endothelial cells association between caveolins, inflammation and adhesion molecules.pdf"
Effects of liquid cultivation on gene expression and phenotype of C. elegans,/assets/papers/Effects of liquid cultivation on gene expression and phenotype of C. elegans..pdf
Effects of low-dose rate γ-irradiation combined with simulated microgravity on,"/assets/papers/Effects of low-dose rate Œ≥-irradiation combined with simulated microgravity on markers of oxidative stress, DNA methylation potential, and remodeling.pdf"
Spaceﬂight induces changes in gene expression proﬁles linked to insulin and estrogen,/assets/papers/Effects of sex and gender on adaptations to space reproductive health.pdf
Effects of Simulated Microgravity on the Proteome and Secretome of the,/assets/papers/Effects of simulated microgravity on the proteome and secretome of the polyextremotolerant black fungus Knufia chersonesos..pdf
on mouse estrous cycle and ovarian gene expression Effects of spaceﬂight aboard the International Space Station,/assets/papers/Effects of spaceflight aboard the International Space Station on mouse estrous cycle and ovarian gene expression.pdf
Disturbances in human position sense during alterations in gravity: a parabolic flight experiment,/assets/papers/Effects of spaceflight on the brain.pdf
HHS Public Access,/assets/papers/Effects of spaceflight on the immunoglobulin repertoire of unimmunized C57BL6 mice.pdf
Upregulation of Amy1 in the,/assets/papers/Effects of spaceflight on the mouse submandibular gland.pdf
HHS Public Access,/assets/papers/Effects of spaceflight on the muscles of the murine shoulder..pdf
NIH Public Access,/assets/papers/Ehrlichia chaffeensis replication sites in adult Drosophila melanogaster..pdf
Emergence of novel cephalopod gene regulation and expression through large-scale genome,/assets/papers/Emergence of novel cephalopod gene regulation and expression through large-scale genome reorganization.pdf
Endoplasmic reticulum—shape and function in stress translation,/assets/papers/Endoplasmic reticulum-shape and function in stress translation.pdf
The EXO70 inhibitor Endosidin2 alters plasma membrane protein,/assets/papers/Endosidin2 targets conserved exocyst complex subunit EXO70 to inhibit exocytosis.pdf
Epigenomic Regulators Elongator Complex Subunit 2 and,/assets/papers/Epigenomic regulators elongator complex subunit 2 and methyltransferase 1 differentially condition the spaceflight response in Arabidopsis.pdf
Establishment and characterization of DB-1: a leptin receptor-deﬁcient murine macrophage cell line,/assets/papers/Establishment and characterization of DB-1 a leptin receptor-deficient murine macrophage cell line.pdf
Ethical considerations for the age of non-governmental space exploration,/assets/papers/Ethical considerations for the age of non-governmental space exploration.pdf
interaction between human intestinal epithelial cells Evaluating the effect of spaceﬂight on the host–pathogen,/assets/papers/Evaluating the effect of spaceflight on the host‚Äìpathogen interaction between human intestinal epithelial cells and Salmonella Typhimurium.pdf
Evaluating the lettuce metatranscriptome with MinION sequencing for future spaceﬂight food production applications,/assets/papers/Evaluating the lettuce metatranscriptome with MinION sequencing for future spaceflight food production applications.pdf
Evaluation of Microorganisms Cultured from Injured and Repressed Tissue Regeneration Sites in Endangered,/assets/papers/Evaluation of microorganisms cultured from injured and repressed tissue regeneration sites in endangered giant aquatic Ozark Hellbender salamanders..pdf
Evaluation of rodent spaceﬂight in the NASA animal enclosure module for an extended operational period,/assets/papers/Evaluation of rodent spaceflight in the NASA animal enclosure module for an extended operational period (up to 35 days).pdf
housed aboard the international space station Evidence for increased thermogenesis in female C57BL/6J mice,/assets/papers/Evidence for increased thermogenesis in female C57BL6J mice housed aboard the international space station.pdf
Explainable machine learning identiﬁes multi-omics signatures of muscle response to spaceﬂight in mice,/assets/papers/Explainable machine learning identifies multi-omics signatures of muscle response to spaceflight in mice.pdf
"Exposure of Mycobacterium marinum to low-shear modeled microgravity: effect on growth, the transcriptome and survival","/assets/papers/Exposure of Mycobacterium marinum to low-shear modeled microgravity Effect on growth, the transcriptome and survival under stress..pdf"
HHS Public Access,/assets/papers/Expressing and Characterizing Mechanosensitive Channels in Xenopus Oocytes.pdf
Release of extracellular purines from plant roots and effect on ion fluxes,/assets/papers/Extracellular nucleotides elicit cytosolic free calcium oscillations in Arabidopsis..pdf
Galaxy: A platform for interactive large-scale genome analysis,/assets/papers/FAIRness and usability for open-access omics data systems..pdf
NIH Public Access,/assets/papers/Failure to Generate Bone Marrow Adipocytes Does Not Protect Mice from Ovariectomy-Induced Osteopenia.pdf
NIH Public Access,/assets/papers/Fifteen days of microgravity causes growth in calvaria of mice.pdf
translational research for human exploration and habitation From the bench to exploration medicine: NASA life sciences,/assets/papers/From the bench to exploration medicine NASA life sciences translational research for human exploration and habitation missions..pdf
Functional Changes in the Snail Statocyst System Elicited by Microgravity,/assets/papers/Functional changes in the snail statocyst system elicited by microgravity.pdf
Functional Consequences of Radiation-Induced Oxidative Stress in Cultured Neural Stem Cells and the Brain,/assets/papers/Functional consequences of radiation-induced oxidative stress in cultured neural stem cells and the brain exposed to charged particle irradiation.pdf
Identification of a novel Golgi-localized putative glycosyltransferase protein in Arabidopsis thaliana,/assets/papers/Functional redundancy between trans-Golgi network SNARE family members in Arabidopsis thaliana..pdf
Fungal diversity differences,/assets/papers/Fungal diversity differences in the indoor dust microbiome from built environments on Earth and in space..pdf
Genetic dissection of the Arabidopsis spaceflight transcriptome: Are some,/assets/papers/Genetic dissection of the Arabidopsis spaceflight transcriptome Are some responses dispensable for the physiological adaptation of plants to spaceflig.pdf
Genomic and Functional Characterization of Enterococcus,/assets/papers/Genomic and functional characterization of Enterococcus faecalis isolates recovered from the International Space Station and their potential for patho.pdf
Genomic characterization and radiation tolerance of Naganishia kalamii sp. nov.,/assets/papers/Genomic characterization and radiation tolerance of Naganishia kalamii sp. nov. and Cystobasidium onofrii sp. nov. from Mars 2020 mission assembly fac.pdf
Genomic stability in response to high versus low linear energy transfer radiation in Arabidopsis thaliana,/assets/papers/Genomic stability in response to high versus low linear energy transfer radiation in Arabidopsis thaliana.pdf
"Genomic, functional, and metabolic enhancements in multidrug-resistant","/assets/papers/Genomic, functional, and metabolic enhancements in multidrug-resistant Enterobacter bugandensis facilitating its persistence and succession in the Int.pdf"
Mechanosensing antagonizes ethylene signaling to promote root gravitropism,/assets/papers/Gravitropic signaling in plants.pdf
Gravitropism and Lateral Root Emergence are Dependent on the,/assets/papers/Gravitropism and lateral root emergence are dependent on the trans-Golgi network protein TNO1.pdf
Mechanosensing antagonizes ethylene signaling to promote root gravitropism,/assets/papers/Gravitropism and mechanical signaling in plants..pdf
Mechanosensing antagonizes ethylene signaling to promote root gravitropism,/assets/papers/Gravity signaling in flowering plant roots.pdf
Growth Performance and Root Transcriptome Remodeling of Arabidopsis in Response to Mars-Like,/assets/papers/Growth performance and root transcriptome remodeling of Arabidopsis in response to Mars-like levels of magnesium sulfate..pdf
Hardware Validation of the Advanced Plant Habitat on ISS: Canopy,/assets/papers/Hardware validation of the Advanced Plant Habitat on ISS Canopy photosynthesis in reduced gravity..pdf
Corrigendum: High atomic weight high-energy radiation (HZE) induces,"/assets/papers/High atomic weight, high-energy radiation (HZE) induces transcriptional responses shared with conventional stresses in addition to a core DSB response.pdf"
High‑gradient magnetic fields,/assets/papers/High-gradient magnetic fields and starch metabolism Results from a space experiment..pdf
Single-cell RNA sequencing of the carotid artery and femoral artery of rats exposed to hindlimb unloading,/assets/papers/Hindlimb Unloading Rodent Analog for Microgravity.pdf
Human presence impacts fungal diversity of inflated lunar/Mars analog habitat,/assets/papers/Human presence impacts fungal diversity of inflated lunarMars analog habitat..pdf
hypothalamic leptin gene Therapy reduces Bone Marrow,/assets/papers/Hypothalamic Leptin Gene Therapy Reduces Bone Marrow Adiposity in obob Mice Fed Regular and High-Fat Diets..pdf
HHS Public Access,/assets/papers/Hypothalamic leptin gene therapy reduces body weight without accelerating age-related bone loss.pdf
NIH Public Access,/assets/papers/IRE1 ER stress sensor and cell fate executor..pdf
Immunological and hematological,/assets/papers/Immunological and hematological outcomes following protracted low doselow dose rate ionizing radiation and simulated microgravity.pdf
"Impacts of radiation exposure, hindlimb unloading, and recovery on murine skeletal muscle cell telomere length","/assets/papers/Impacts of radiation exposure, hindlimb unloading, and recovery on murine skeletal muscle cell telomere length..pdf"
In situ Linkage of Fungal and Bacterial Proliferation to,/assets/papers/In situ linkage of fungal and bacterial proliferation to microbiologically influenced corrosion in B20 biodiesel storage tanks..pdf
Lab on a Chip,"/assets/papers/In situ monitoring of barrier function on-chip via automated, non-invasive luminescence sensing..pdf"
The smallest space miners: principles of space biomining,/assets/papers/In situ resource utilisation The potential for space biomining.pdf
NIH Public Access,/assets/papers/In vitro generation of mechanically functional cartilage grafts based on adult human stem cells and 3D-woven poly(epsilon-caprolactone) scaffolds.pdf
NIH Public Access,/assets/papers/Increasing the number of unloadingreambulation cycles does not adversely impac body composition and lumbar bone mineral density but reduces tissue sen.pdf
Induction of Attachment-Independent Bioﬁlm Formation and Repression of hfq Expression by Low-Fluid-Shear Culture of Staphylococcus aureus(cid:1),/assets/papers/Induction of attachment-independent biofilm formation and repression of Hfq expression by low-fluid-shear culture of Staphylococcus aureus.pdf
Inﬂuence of Magnitude and Duration of Altered Gravity and Readaptation,"/assets/papers/Influence of Magnitude and Duration of Altered Gravity and Readaptation to 1g on the Structure and Function of the Utricle in Toadfish, Opsanus tau..pdf"
Inﬂuence of Social Isolation During Prolonged Simulated Weightlessness,/assets/papers/Influence of social isolation during prolonged simulated weightlessness by hindlimb unloading.pdf
Inﬂuence of the spaceﬂight environment on macrophage lineages,/assets/papers/Influence of the spaceflight environment on macrophage lineages.pdf
Spaceﬂight and simulated microgravity conditions increase virulence of Serratia marcescens in the Drosophila,/assets/papers/Innate immune responses of Drosophila melanogaster are altered by spaceflight..pdf
Inspiration4 data access through the NASA Open Science Data Repository,/assets/papers/Inspiration4 data access through the NASA Open Science Data Repository.pdf
HHS Public Access,"/assets/papers/International Space Station conditions alter genomics, proteomics, and metabolomics in Aspergillus nidulans..pdf"
Interplay of space radiation and microgravity in DNA damage and DNA damage response,/assets/papers/Interplay of space radiation and microgravity in DNA damage and DNA damage response..pdf
DNA methylation (addition of methyl groups to cytosines which normally represses gene,/assets/papers/Intrauterine exposure to maternal stress alters Bdnf IV DNA methylation and telomere length in the brain of adult rat offspring..pdf
Investigation of simulated microgravity effects on Streptococcus mutans physiology and global gene expression,/assets/papers/Investigation of simulated microgravity effects on Streptococcus mutans physiology and global gene expression..pdf
Is spaceflight-induced immune dysfunction linked to systemic changes in metabolism?,/assets/papers/Is spaceflight-induced immune dysfunction linked to systemic changes in metabolism.pdf
"Research Article Low-Dose, Ionizing Radiation and Age-Related Changes in",/assets/papers/JAR2012-481983.pdf
Treatment With a Soluble Bone Morphogenetic Protein Type 1A Receptor (BMPR1A) Fusion Protein Increases,/assets/papers/JBM4-1-66.pdf
Bisphosphonates attenuate age-related muscle decline in Caenorhabditis elegans,/assets/papers/JCSM-14-2613.pdf
The ongoing search for the molecular basis of plant osmosensing,/assets/papers/JGP_201411295.pdf
Genetic and tissue level muscle-bone interactions during unloading and reambulation,/assets/papers/JMNI-16-174.pdf
Knee and Hip Joint Cartilage Damage from Combined Spaceflight Hazards of Low-Dose Radiation Less than 1 Gy and Prolonged Hindlimb Unloading,/assets/papers/Knee and Hip Joint Cartilage Damage from Combined Spaceflight Hazards of Low-Dose Radiation Less than 1 Gy and Prolonged Hindlimb Unloading..pdf
Reviewing the state of biosensors and lab-on-a- chip technologies,/assets/papers/Lab-on-a-chip approaches for space-biology research..pdf
Lack of Norovirus Replication and Histo-Blood Group Antigen,/assets/papers/Lack of norovirus replication and histo-blood group antigen expression in 3-dimensional intestinal epithelial cells.pdf
Leptin and environmental temperature as determinants,/assets/papers/Leptin and environmental temperature as determinants of bone marrow adiposity in female mice.pdf
HHS Public Access,/assets/papers/Lifelong wheel running exercise and mild caloric restriction attenuate nuclear EndoG in the aging plantaris muscle..pdf
Light and gravity signals synergize in modulating plant development,/assets/papers/Light and gravity signals synergize in modulating plant development.pdf
Longitudinal characterization of multispecies microbial populations recovered from spaceﬂight potable water,/assets/papers/Longitudinal characterization of multispecies microbial populations recovered from spaceflight potable water.pdf
Longitudinal multi-omics analysis of host,/assets/papers/Longitudinal multi-omics analysis of host microbiome architecture and immune responses during short-term spaceflight.pdf
Longitudinal time course of muscle impairments during partial weight-bearing in rats,/assets/papers/Longitudinal time course of muscle impairments during partial weight-bearing in rats.pdf
MARSBOx: Fungal and Bacterial Endurance From a Balloon-Flown,/assets/papers/MARSBOx Fungal and bacterial endurance from a balloon-flown analog mission in the stratosphere.pdf
Apyrase inhibitors enhance the ability of diverse fungicides to inhibit the growth of different plant-pathogenic fungi,/assets/papers/MPP-18-1012.pdf
"Identiﬁcation of Metagenome-Assembled Genomes Containing Antimicrobial Resistance Genes, Isolated from an Advanced",/assets/papers/MRA.00003-20.pdf
Draft Genome Sequences of Various Bacterial Phyla Isolated from the International Space Station,/assets/papers/MRA.00214-21.pdf
Draft Genome Sequences of Tremellomycetes Strains Isolated from the International Space Station,/assets/papers/MRA.00504-20.pdf
Draft Genome Sequences of Rhodotorula mucilaginosa Strains Isolated from the International Space Station,/assets/papers/MRA.00570-20.pdf
Draft Genome Sequences of Sphingomonas Species Associated with the International Space Station,/assets/papers/MRA.00578-20.pdf
Draft Genome Sequences of Bacillaceae Strains Isolated from the International Space Station,/assets/papers/MRA.00701-20.pdf
Draft Genome Sequences of Enterobacteriales Strains Isolated from the International Space Station,/assets/papers/MRA.00817-20.pdf
Draft Genome Sequences of Klebsiella Species Isolated from the International Space Station,/assets/papers/MRA.00923-20.pdf
Draft Genome Sequences of Lactobacillales Isolated from the International Space Station,/assets/papers/MRA.00942-20.pdf
Draft Genome Sequences of Aspergillus and Penicillium Species Isolated from the International Space Station and Crew,/assets/papers/MRA.01398-20.pdf
Machine learning algorithm to characterize antimicrobial resistance associated,/assets/papers/Machine learning algorithm to characterize antimicrobial resistance associated with the International Space Station surface microbiome.pdf
Macrophages inhibit Aspergillus fumigatus germination and neutrophil-mediated fungal,/assets/papers/Macrophages inhibit Aspergillus fumigatus germination and neutrophil-mediated fungal killing..pdf
Maintenance of Near Normal Bone Mass and Architecture in Lethally Irradiated Female Mice following Adoptive Transfer with as few as 750,/assets/papers/Maintenance of near normal bone mass and architecture in lethally irradiated female mice following adoptive transfer with as few as 750 purified hemat.pdf
the Arabidopsis plant transcriptome Meta-analysis of the space ﬂight and microgravity response of,/assets/papers/Meta-analysis of the space flight and microgravity response of the Arabidopsis plant transcriptome.pdf
Metabolic modeling of the International Space Station microbiome reveals key microbial,/assets/papers/Metabolic modeling of the International Space Station microbiome reveals key microbial interactions..pdf
Methylobacterium ajmalii sp. nov. Isolated From the International,"/assets/papers/Methylobacterium ajmalii sp. nov., isolated from the International Space Station.pdf"
Mice in Bion-M 1 Space Mission: Training and Selection,/assets/papers/Mice in Bion-M 1 space mission training and selection.pdf
Longitudinal characterization of multispecies microbial populations recovered from spaceﬂight potable water,/assets/papers/Microbial Characteristics of ISS Environmental Surfaces.pdf
Microbial adaptation to spaceﬂight is,/assets/papers/Microbial adaptation to spaceflight is correlated with bacteriophage-encoded functions.pdf
Wild mouse gut microbiota limits initial tuberculosis infection in BALB/c mice,/assets/papers/Microbial existence in controlled habitats and their resistance to space conditions.pdf
"Microbial Tracking-2, a metagenomics analysis of bacteria and fungi onboard","/assets/papers/Microbial tracking-2, a metagenomics analysis of bacteria and fungi onboard the International Space Station..pdf"
Microbiological and Nutritional Analysis of Lettuce Crops Grown on,/assets/papers/Microbiological and nutritional analysis of lettuce crops grown on the International Space Station.pdf
Microbiomes of the dust particles collected from the International Space Station and,/assets/papers/Microbiomes of the dust particles collected from the International Space Station and Spacecraft assembly facilities.pdf
Microfluidics-enabled method to identify modes of Caenorhabditis elegans paralysis in four anthelmintics,/assets/papers/Microfluidics-enabled method to identify modes of Caenorhabditis elegans paralysis in four anthelmintics..pdf
Microﬂuidics-integrated spaceﬂight hardware for measuring,/assets/papers/Microfluidics-integrated spaceflight hardware for measuring muscle strength of Caenorhabditis elegans on the International Space Station..pdf
Microgravity enhances the phenotype of Arabidopsis zigzag-1,/assets/papers/Microgravity enhances the phenotype of Arabidopsis zigzag-1 and reduces the Wortmannin-induced vacuole fusion in root cells..pdf
"Microgravity Induces Pelvic Bone Loss through Osteoclastic Activity, Osteocytic Osteolysis, and","/assets/papers/Microgravity induces pelvic bone loss through osteoclastic activity, osteocytic osteolysis, and osteoblastic cell cycle inhibition by CDKN1ap21.pdf"
Microgravity validation of a novel system for RNA isolation and multiplex quantitative real,/assets/papers/Microgravity validation of a novel system for RNA isolation and multiplex quantitative real time PCR analysis of gene expression on the International.pdf
NIH Public Access,/assets/papers/Mimicking the host and its microenvironment in vitro for studying mucosal infections by Pseudomonas aeruginosa..pdf
Microbial applications for sustainable space exploration beyond low Earth orbit,/assets/papers/Mitigation and use of biofilms in space for the benefit of human space exploration.pdf
MnSOD Overexpression Reduces Fibrosis and Pro-Apoptotic Signaling in the Aging,/assets/papers/MnSOD Overexpression Reduces Fibrosis and Pro-Apoptotic Signaling in the Aging Mouse Heart.pdf
Modeled microgravity alters apoptotic gene expression and caspase activity,/assets/papers/Modeled microgravity alters apoptotic gene expression and caspase activity in the squid-vibrio symbiosis.pdf
Modeled microgravity alters lipopolysaccharide and outer membrane vesicle production of the beneﬁcial symbiont,/assets/papers/Modeled microgravity alters lipopolysaccharide and outer membrane vesicle production of the beneficial symbiont Vibrio fischeri.pdf
Modeling Host-Pathogen Interactions in the Context of the Microenvironment: Three-Dimensional Cell Culture Comes,/assets/papers/Modeling Host-Pathogen Interactions in the Context of the Microenvironment 3-D Cell Culture Comes of Age..pdf
ACCELERATED,/assets/papers/Molecular and physiologic changes in the SpaceX Inspiration4 civilian crew.pdf
NIH Public Access,/assets/papers/Molecular mechanisms underlying the enhanced functions of three-dimensional hepatocyte aggregates.pdf
HHS Public Access,"/assets/papers/Morphology of the Utricular Otolith Organ in the Toadfish, Opsanus tau.pdf"
Multi-analyte Biochip (MAB) Based on All-solid-state Ion-selective Electrodes (ASSISE) for Physiological Research,/assets/papers/Multi-analyte biochip (MAB) based on all-solid-state ion-selective electrodes (ASSISE) for physiological research.pdf
Multi-drug resistant Enterobacter bugandensis species isolated from the,/assets/papers/Multi-drug resistant Enterobacter bugandensis species isolated from the International Space Station and comparative genomic analyses with human pathog.pdf
Author correction: Multi-omics,/assets/papers/Multi-omics analysis of multiple missions to space reveal a theme of lipid dysregulation in mouse liver.pdf
Multidrug-resistant Acinetobacter pittii is adapting to and exhibiting potential,/assets/papers/Multidrug-resistant Acinetobacter pittii is adapting to and exhibiting potential succession aboard the International Space Station..pdf
Multiparameter Behavioral Analyses Provide Insights to Mechanisms of Cyanide Resistance in Caenorhabditis elegans,/assets/papers/Multiparameter behavioral analyses provide insights to mechanisms of cyanide resistance in Caenorhabditis elegans..pdf
HHS Public Access,/assets/papers/Multiscale effects of spaceflight on murine tendon and bone.pdf
I. Introduction,/assets/papers/NemaFlex A microfluidics-based technology for standardized measurement of muscular strength of C. elegans..pdf
nemaLife chip: a micropillar‑based,/assets/papers/NemaLife chip a micropillar-based microfluidic culture device optimized for aging studies in crawling C. elegans.pdf
Neutrophil-to-Lymphocyte Ratio: A Biomarker to Monitor the Immune,/assets/papers/Neutrophil to Lymphocyte ratio A biomarker to monitor the immune status of astronauts..pdf
New Insights Into Ligniﬁcation via Network and Multi-Omics Analyses,/assets/papers/New insights into lignification via network and multi-omics analyses of arogenate dehydratase knock-out mutants in Arabidopsis thaliana.pdf
New Insights into the Bacterial Fitness-Associated Mechanisms Revealed by the Characterization of Large,/assets/papers/New insights into the bacterial fitness-associated mechanisms revealed by the characterization of large plasmids of an avian pathogenic E. coli.pdf
New perspectives on viable microbial communities in low-biomass cleanroom environments,/assets/papers/New perspectives on viable microbial communities in low-biomass cleanroom environments.pdf
HHS Public Access,/assets/papers/Novel Organelles with Elements of Bacterial and Eukaryotic Secretion Systems Weaponize Parasites of Drosophila.pdf
"Nutritional supplements, COX-2 and IGF-1 expression in men on active surveillance for prostate cancer","/assets/papers/Nutritional supplements, COX-2 and IGF-1 expression in men on active surveillance for prostate cancer..pdf"
NIH Public Access,/assets/papers/Organization of the ER-Golgi interface for membrane traffic control..pdf
Overexpression of catalase in mitochondria mitigates changes in hippocampal cytokine expression following simulated,/assets/papers/Overexpression of catalase in mitochondria mitigates changes in hippocampal cytokine expression following simulated microgravity and isolation..pdf
Transcriptional and Hormonal Regulation of Gravitropism of,/assets/papers/PC_TPC201500531RAR1.pdf
Adaptation to full weight- bearing following disuse in rats The impact of biological sex on musculoskeletal recovery,/assets/papers/PHY2-12-e15938.pdf
Hindlimb suspension in Wistar rats: Sex- based differences in muscle response,/assets/papers/PHY2-9-e15042.pdf
Chimeras Reveal a Single Lipid-Interface Residue that Controls MscL Channel Kinetics,/assets/papers/PIIS2211124713000259.pdf
Prolonged Exposure to Microgravity Reduces Cardiac Contractility and Initiates,/assets/papers/PIIS2211124720314340.pdf
Circulating miRNA Spaceﬂight Signature Reveals Targets for Countermeasure Development,/assets/papers/PIIS2211124720314376.pdf
Muscle atrophy phenotype gene expression during spaceﬂight is linked to a metabolic crosstalk,/assets/papers/PIIS2589004222014857.pdf
ANN1 and ANN2 Function in Post-Phloem Sugar Transport,/assets/papers/PP_201800713DR1.pdf
Galactose-Depleted Xyloglucan Is Dysfunctional and Leads to Dwarﬁsm in Arabidopsis1,/assets/papers/PP_255943.pdf
Vesicles versus Tubes: Is Endoplasmic Reticulum-Golgi Transport in Plants Fundamentally Different from,/assets/papers/PP_PP201500124.pdf
Pectin Methylesteriﬁcation Impacts the Relationship between Photosynthesis and,/assets/papers/PP_PP201600173R1.pdf
A ROS-Assisted Calcium Wave Dependent on the AtRBOHD NADPH Oxidase and TPC1 Cation Channel,/assets/papers/PP_PP201600215R1.pdf
Reduced Arogenate Dehydratase Expression Ramiﬁcations for Photosynthesis and Metabolism1[OPEN],/assets/papers/PP_PP2017RA01766DR1.pdf
Phosphoinositide-signaling is one component of a robust plant defense response,/assets/papers/Phosphoinositide-signaling is one component of a robust plant defense response.pdf
"Phylogenomics, phenotypic","/assets/papers/Phylogenomics, phenotypic, and functional traits of five novel (Earth-derived) bacterial species isolated from the International Space Station and the.pdf"
Physical Forces Modulate Oxidative Status and Stress Defense Meditated Metabolic Adaptation of Yeast Colonies: Spaceﬂight,/assets/papers/Physical Forces Modulate Oxidative Status and Stress Defense Meditated Metabolic Adaptation of Yeast Colonies Spaceflight and Microgravity Simulations.pdf
Plants grown in Apollo lunar regolith present stress-associated transcriptomes that inform,/assets/papers/Plants grown in Apollo lunar regolith present stress-associated transcriptomes that inform prospects for lunar exploration.pdf
Post-Spaceflight (STS-135) Mouse Splenocytes Demonstrate Altered Activation,/assets/papers/Post-Spaceflight (STS-135) Mouse Splenocytes Demonstrate Altered Activation Properties and Surface Molecule Expression..pdf
Preservation of Multiple Mammalian Tissues to Maximize Science Return from Ground,/assets/papers/Preservation of Multiple Mammalian Tissues to Maximize Science Return from Ground Based and Spaceflight Experiments.pdf
Production of reactive oxygen,/assets/papers/Production of reactive oxygen species and involvement of bioprotectants during anhydrobiosis in the tardigrade Paramacrobiotus spatialis.pdf
HHS Public Access,/assets/papers/Prolonged exposure to particulate chromate inhibits RAD51 nuclear import mediator proteins..pdf
Protective alleles and precision healthcare in crewed spaceﬂight,/assets/papers/Protective alleles and precision healthcare in crewed spaceflight.pdf
Proteomic and Metabolomic Characteristics of Extremophilic,/assets/papers/Proteomic and Metabolomic Characteristics of Extremophilic Fungi Under Simulated Mars Conditions..pdf
Proteomic and phosphoproteomic,/assets/papers/Proteomic and phosphoproteomic characterization of cardiovascular tissues after long term exposure to simulated space radiation.pdf
REGULATOR OF BULB BIOGENESIS1 (RBB1) Is Involved in Vacuole Bulb Formation in,/assets/papers/REGULATOR OF BULB BIOGENESIS1 (RBB1) Is Involved in Vacuole Bulb Formation in Arabidopsis..pdf
RNAseq Analysis of the Response of Arabidopsis thaliana to Fractional,/assets/papers/RNAseq analysis of the response of Arabidopsis thaliana to fractional gravity under blue-light stimulation during spaceflight.pdf
RNAseq and RNA molecular barcoding reveal differential gene expression in cortical bone,/assets/papers/RNAseq and RNA molecular barcoding reveal differential gene expression in cortical bone following hindlimb unloading in female mice.pdf
Rad-Bio-App: a discovery environment for biologists to explore spaceﬂight-related radiation exposures,/assets/papers/Rad-Bio-App A discovery environment for biologists to explore spaceflight-related radiation exposures.pdf
Recellularization of Decellularized Lung Scaffolds Is Enhanced by Dynamic,/assets/papers/Recellularization of decellularized lung scaffolds is enhanced by dynamic suspension culture..pdf
MedChemComm,/assets/papers/Recent advances in the genome mining of Aspergillus secondary metabolites (covering 2012‚Äì2018)..pdf
Regulation of Hemocytes in Drosophila Requires dappled Cytochrome b5,/assets/papers/Regulation of hemocytes in Drosophila requires dappled cytochrome b5..pdf
Bundling up the Role of the Actin Cytoskeleton in Primary Root Growth,/assets/papers/Regulation of plant gravity sensing and signaling by the actin cytoskeleton..pdf
Release of CD36-associated cell-free mitochondrial DNA and RNA as a hallmark,/assets/papers/Release of CD36-associated cell-free mitochondrial DNA and RNA as a hallmark of space environment response.pdf
Reproducible changes in the gut microbiome suggest a shift in microbial,/assets/papers/Reproducible changes in the gut microbiome suggest a shift in microbial and host metabolism during spaceflight..pdf
HHS Public Access,/assets/papers/Response of the mouse sublingual gland to spaceflight..pdf
The Role of Estrogen Receptor a in Response to Longitudinal Bone,/assets/papers/Role of oestrogen receptor signaling in skeletal response to leptin in female obob mice..pdf
Navigation of C. elegans in three-dimensional media: roll maneuvers and planar turns,/assets/papers/Roll maneuvers are essential for active reorientation of Caenorhabditis elegans in 3D media.pdf
HHS Public Access,/assets/papers/Room temperature housing results in premature cancellous bone loss in growing female mice implications for the mouse as a preclinical model for age-re.pdf
"TNO1, a TGN-localized SNARE-interacting protein, modulates root skewing in",/assets/papers/Root growth movements Waving and skewing..pdf
Root Skewing-Associated Genes Impact the Spaceﬂight Response of,/assets/papers/Root skewing-associated genes impact the spaceflight response of Arabidopsis thaliana..pdf
Routine omics collection is a golden opportunity for European human research,/assets/papers/Routine omics collection is a golden opportunity for European human research in space and analog environments..pdf
S.aureus MscL Is a Pentamer In Vivo but of Variable Stoichiometries In Vitro: Implications for Detergent,/assets/papers/S. aureus MscL is a pentamer in vivo but of variable stoichiometries in vitro implications for detergent-solubilized membrane proteins.pdf
Safety and Pharmacokinetics of Intranasally Administered Heparin,/assets/papers/Safety and pharmacokinetics of intranasally administered heparin.pdf
Secretome proﬁling reveals acute changes in,"/assets/papers/Secretome profiling reveals acute changes in oxidative stress, brain homeostasis, and coagulation following short-duration spaceflight.pdf"
Sex-speciﬁc cardiovascular adaptations,/assets/papers/Sex-specific cardiovascular adaptations to simulated microgravity in Sprague-Dawley rats.pdf
Sierra nevada sweep,/assets/papers/Sierra Nevada sweep Metagenomic measurements of bioaerosols vertically distributed across the troposphere..pdf
HHS Public Access,/assets/papers/Simulated Microgravity Enhances Oligodendrocyte Mitochondrial Function and Lipid Metabolism.pdf
Simulated Microgravity Induces Regionally Distinct Neurovascular,/assets/papers/Simulated microgravity induces regionally distinct neurovascular and structural remodeling of skeletal muscle and cutaneous arteries in the rat.pdf
Single-cell analysis identiﬁes conserved,/assets/papers/Single-cell analysis identifies conserved features of immune dysfunction in simulated microgravity and spaceflight.pdf
Single-cell multi-ome and immune proﬁles,"/assets/papers/Single-cell multi-ome and immune profiles of the Inspiration4 crew reveal conserved, cell-type, and sex-specific responses to spaceflight.pdf"
Skewing in Arabidopsis roots involves disparate environmental signaling,/assets/papers/Skewing in Arabidopsis roots involves disparate environmental signaling pathways..pdf
Space radiation damage rescued by inhibition of key spaceﬂight,/assets/papers/Space radiation damage rescued by inhibition of key spaceflight associated miRNAs.pdf
Multi-omics analysis of multiple,/assets/papers/Spaceflight Activates Lipotoxic Pathways in Mouse Liver.pdf
Spaceﬂight Induces Speciﬁc Alterations in the Proteomes of Arabidopsis,/assets/papers/Spaceflight Induces Specific Alterations in the Proteomes of Arabidopsis.pdf
Spaceflight and hind limb,/assets/papers/Spaceflight and hind limb unloading induces an arthritic phenotype in knee articular cartilage and menisci of rodents.pdf
Spaceﬂight and simulated microgravity conditions increase virulence of Serratia marcescens in the Drosophila,/assets/papers/Spaceflight and simulated microgravity conditions increase virulence of Serratia marcescens in the Drosophila melanogaster infection model..pdf
Spaceflight Enhances Cell Aggregation and Random Budding in Candidaalbicans,/assets/papers/Spaceflight enhances cell aggregation and random budding in Candida albicans..pdf
Spaceﬂight induces changes in gene expression proﬁles linked to insulin and estrogen,/assets/papers/Spaceflight induces changes in gene expression profiles linked to insulin and estrogen.pdf
Spaceflight induces novel regulatory responses in Arabidopsis seedling as,/assets/papers/Spaceflight induces novel regulatory responses in Arabidopsis seedling as revealed by combined proteomic and transcriptomic analyses..pdf
Spaceflight influences gene,"/assets/papers/Spaceflight influences gene expression, photoreceptor integrity, and oxidative stress-related damage in the murine retina..pdf"
Spaceflight Promotes Biofilm Formation by Pseudomonasaeruginosa,/assets/papers/Spaceflight promotes biofilm formation by Pseudomonas aeruginosa..pdf
Integrative transcriptomics and proteomics proﬁling of,/assets/papers/Spaceflight transcriptomes unique responses to a novel environment..pdf
Spaceﬂight-Associated Vascular Remodeling and Gene Expression in,/assets/papers/Spaceflight-associated vascular remodeling and gene expression in mouse calvaria..pdf
Spaceﬂight-induced alternative splicing during seedling development in Arabidopsis thaliana,/assets/papers/Spaceflight-induced alternative splicing during seedling development in Arabidopsis thaliana..pdf
Spaceﬂight-induced vertebral bone loss in ovariectomized rats,/assets/papers/Spaceflight-induced vertebral bone loss in ovariectomized rats is associated with increased bone marrow adiposity and no change in bone formation.pdf
NIH Public Access,/assets/papers/Spatial and temporal characteristics of vestibular convergence.pdf
Spatial multi-omics of human skin reveals KRAS and inﬂammatory responses to,/assets/papers/Spatial multi-omics of human skin reveals KRAS and inflammatory responses to spaceflight.pdf
Spatial omics technologies at multimodal and single cell/subcellular level,/assets/papers/Spatial omics technologies at multimodal and single cellsubcellular level..pdf
Chemical Science,/assets/papers/Spatial regulation of a common precursor from two distinct genes generates metabolite diversity.pdf
Spatially resolved multiomics on the neuronal effects induced by spaceﬂight,/assets/papers/Spatially resolved multiomics on the neuronal effects induced by spaceflight in mice.pdf
Spatiotemporal expression and control of haemoglobin in space,/assets/papers/Spatiotemporal expression and control of haemoglobin in space.pdf
Paving the way to better understand the effects of prolonged spaceﬂight on operational performance and its neural bases,"/assets/papers/Strategies, research priorities, and challenges for the exploration of space beyond low-Earth orbit.pdf"
HHS Public Access,/assets/papers/Structural and functional properties of bone are compromised in amyotrophic lateral sclerosis mice..pdf
resistance genes associated with International Space Station environmental,/assets/papers/Succession and persistence of microbial communities and antimicrobial resistance genes associated with International Space Station environmental surfa.pdf
"TNO1, a TGN-localized SNARE-interacting protein, modulates root skewing in","/assets/papers/TNO1, a TGN-localized SNARE-interacting protein, modulates root skewing in Arabidopsis thaliana..pdf"
ERULUS Is a Plasma Membrane-Localized Receptor-Like Kinase That Specifies Root Hair Growth by Maintaining,/assets/papers/TPC_201800316D.pdf
Vascular Bundles Mediate Systemic Reactive Oxygen,/assets/papers/TPC_202000453DR1.pdf
Cadaverine regulates biotin synthesis to modulate primary root growth in Arabidopsis,/assets/papers/TPJ-107-1283.pdf
Tardigrade secretory proteins protect biological structures from desiccation,/assets/papers/Tardigrades Use Intrinsically Disordered Proteins to Survive Desiccation..pdf
Telomeric RNA (TERRA) increases in response to spaceﬂight and high-altitude,/assets/papers/Telomeric RNA (TERRA) increases in response to spaceflight and high-altitude climbing.pdf
Test of Arabidopsis Space Transcriptome: A Discovery,/assets/papers/Test of Arabidopsis Space Transcriptome A discovery environment to explore multiple plant biology spaceflight experiments..pdf
Manipulating the permeation of charged compounds,/assets/papers/The FASEB Journal - 2010 - Yang - Manipulating the permeation of charged compounds through the MscL nanovalve.pdf
To inﬁnity … and beyond! Human spaceﬂight and life science,/assets/papers/The FASEB Journal - 2011 - Hughes‐Fulford - To infinity   and beyond  Human spaceflight and life science.pdf
Effects of spaceﬂight and ground recovery on,/assets/papers/The FASEB Journal - 2012 - Behnke - Effects of spaceflight and ground recovery on mesenteric artery and vein constrictor.pdf
"Spaceﬂight-induced alterations in cerebral artery vasoconstrictor, mechanical, and structural",/assets/papers/The FASEB Journal - 2013 - Taylor - Spaceflight‐induced alterations in cerebral artery vasoconstrictor  mechanical  and.pdf
Spaceﬂight alters expression of microRNA during,/assets/papers/The FASEB Journal - 2015 - Hughes‐Fulford - Spaceflight alters expression of microRNA during T‐cell activation.pdf
Spaceﬂight impairs antigen-speciﬁc tolerance induction,/assets/papers/The FASEB Journal - 2017 - Chang - Spaceflight impairs antigen‐specific tolerance induction in vivo and increases.pdf
Biomass Production of the EDEN ISS Space Greenhouse in Antarctica,/assets/papers/The Plant Health Monitoring System of the EDEN ISS Space Greenhouse in Antarctica during the 2018 experiment phase.pdf
The Space Omics and Medical Atlas (SOMA),/assets/papers/The Space Omics and Medical Atlas (SOMA) and international astronaut biobank.pdf
The dynamics of protein-protein interactions between domains of MscL at the,/assets/papers/The dynamics of protein-protein interactions between domains of MscL at the cytoplasmic-lipid interface.pdf
The effect of spaceﬂight on the gravity-sensing auxin gradient of roots: GFP reporter gene microscopy on orbit,/assets/papers/The effect of spaceflight on the gravity-sensing auxin gradient of roots GFP reporter gene microscopy on orbit..pdf
The influence of spaceflight on the astronaut salivary microbiome and the,/assets/papers/The influence of spaceflight on the astronaut salivary microbiome and the search for a microbiome biomarker for viral reactivation.pdf
FOR THE RECORD,/assets/papers/The oligomeric state of the truncated mechanosensitive channel of large conductance shows no variance in vivo..pdf
Nanoscale Advances,/assets/papers/The rapid diagnosis and effective inhibition of coronavirus using spike antibody attached gold nanoparticles.pdf
"The role of FGF-2 and BMP-2 in regulation of gene induction, cell proliferation and","/assets/papers/The role of FGF-2 and BMP-2 in regulation of gene induction, cell proliferation and mineralization..pdf"
The smallest space miners: principles of space biomining,/assets/papers/The smallest space miners Principles of space biomining.pdf
NIH Public Access,/assets/papers/Three routes to modulate the pore size of the MscL channelnanovalve.pdf
epithelial cells and macrophages to study Salmonella enterica Three-dimensional organotypic co-culture model of intestinal,/assets/papers/Three-dimensional organotypic co-culture model of intestinal epithelial cells and macrophages to study Salmonella enterica colonization patterns..pdf
Author Correction: To boldly go where no microRNAs have gone before: spaceﬂight impact on risk for small-for-gestational-age,/assets/papers/To boldly go where no microRNAs have gone before Spaceflight impact on risk for small-for-gestational-age infants..pdf
Author Correction: To boldly go where no microRNAs have gone before: spaceﬂight impact on risk for small-for-gestational-age,/assets/papers/To boldly go where no microRNAs have gone before Spaceflight impact on risk for small-for-gestational-age infants.pdf
Toll Mediated Infection Response Is Altered by Gravity and Spaceflight in Drosophila,/assets/papers/Toll mediated infection response is altered by gravity and spaceflight in Drosophila.pdf
Toward sustainable space exploration: a roadmap for harnessing the power of,/assets/papers/Toward sustainable space exploration a roadmap for harnessing the power of microorganisms..pdf
Transcriptional and Proteomic Responses of Pseudomonas aeruginosa PAO1 to Spaceﬂight Conditions Involve Hfq Regulation and,/assets/papers/Transcriptional and proteomic responses of Pseudomonas aeruginosa PAO1 to spaceflight conditions involve Hfq regulation and reveal a role for oxygen..pdf
Transcriptome and proteome responses in RNAlater preserved tissue of Arabidopsis,/assets/papers/Transcriptome and proteome responses in RNAlater preserved tissue of Arabidopsis thaliana..pdf
Transcriptomics analysis reveals molecular alterations underpinning,/assets/papers/Transcriptomics analysis reveals molecular alterations underpinning spaceflight dermatology..pdf
NIH Public Access,/assets/papers/Understanding macrophage differentiation during space flight The importance of ground-based experiments before space flight.pdf
HHS Public Access,"/assets/papers/Unfolded protein response in plants one master, many questions..pdf"
Utilization of single- image normalized difference vegetation index (SI- NDVI) for early plant stress detection,/assets/papers/Utilization of single‚Äêimage normalized difference vegetation index (SI‚ÄêNDVI) for early plant stress detection.pdf
Validation of a new Rodent,/assets/papers/Validation of a new Rodent experimental System to investigate consequences of Long Duration Space Habitation.pdf
Vive la radiorésistance!: converging research in radiobiology and biogerontology to enhance human radioresistance for deep,/assets/papers/Vive la radior√©sistance! Converging research in radiobiology and biogerontology to enhance human radioresistance for deep space exploration and colon.pdf
Space Station,/assets/papers/Whole metagenome profiles of particulates collected from the International Space Station.pdf
Environmental Dependence of Competitive Fitness in Rifampin Resistant rpoB Mutants of Bacillus subtilis,/assets/papers/aem.02422-21.pdf
Nature of Pre-Earthquake Phenomena and their Effects on Living Organisms,/assets/papers/animals-03-00513.pdf
Blocking SARS-CoV‑2 Delta Variant (B.1.617.2) Spike Protein Receptor-Binding Domain Binding with the ACE2 Receptor of the,/assets/papers/ao2c00113.pdf
ARG1 Functions in the Physiological Adaptation of Undifferentiated Plant Cells to Spaceﬂight,/assets/papers/ast.2016.1538.pdf
Molecular Muscle Experiment Hardware and Operational Lessons for Future,/assets/papers/ast.2019.2181.pdf
Relevance of the Unfolded Protein Response to Spaceﬂight-Induced Transcriptional,/assets/papers/ast.2020.2313.pdf
Hypergravity disruption of homeorhetic adaptations to lactation in rat dams include changes in circadian,/assets/papers/bio-01-06-570.pdf
Metabolomic Profiling of the Secretome from Human Neural Stem Cells Flown into Space,/assets/papers/bioengineering-11-00011.pdf
Thermal Plasticity and Evolutionary Constraints in Bacillus Implications for Climate Change Adaptation,/assets/papers/biology-13-01088.pdf
Oligodendrocyte Progenitors Display Enhanced Proliferation and Autophagy after Space Flight,/assets/papers/biomolecules-13-00201.pdf
Transcriptomic Effects on the Mouse Heart Following 30 Days on the International Space Station,/assets/papers/biomolecules-13-00371.pdf
The MscS and MscL Families of Mechanosensitive Channels Act as Microbial Emergency Release Valves,/assets/papers/booth-blount-2012-the-mscs-and-mscl-families-of-mechanosensitive-channels-act-as-microbial-emergency-release-valves.pdf
IdentifyingforeigngenesinindependentHypsibius dujardinigenome assemblies,/assets/papers/boothby-goldstein-2016-reply-to-bemm-et-al-and-arakawa-identifying-foreign-genes-in-independent-hypsibius-dujardini.pdf
NASA GeneLab Platform Utilized for Biological Response to Space Radiation in Animal Models,/assets/papers/cancers-12-00381-v2.pdf
Selective Proliferation of Highly Functional Adipose-Derived Stem Cells in Microgravity Culture with Stirred Microspheres,/assets/papers/cells-10-00560-v2.pdf
Response in Caenorhabditis elegans and Comparison to Transcriptomic Signature of the Simulated Microgravity,/assets/papers/cells-12-00270.pdf
Metabolomics Proﬁle of the Secretome of Space-Flown Oligodendrocytes,/assets/papers/cells-12-02249.pdf
Spaceﬂight Induces Strength Decline in Caenorhabditis elegans,/assets/papers/cells-12-02470.pdf
Effects of Space Flight on Inflammasome Activation in the Brain of Mice,/assets/papers/cells-14-00417.pdf
Inhibition of SARS-CoV-2 wild-type (Wuhan-Hu-1) and Delta (B.1.617.2) strains by marine sulfated glycans,/assets/papers/cwac042.pdf
Differential effects of aging and exercise on intra-abdominal adipose arteriolar function and blood ﬂow regulation,/assets/papers/davis-et-al-2013-differential-effects-of-aging-and-exercise-on-intra-abdominal-adipose-arteriolar-function-and-blood.pdf
Ginsenoside Reshapes Intestinal Microecology to,/assets/papers/dddt-19-1289.pdf
Plastid osmotic stress influences cell differentiation at the plant shoot apex,/assets/papers/dev136234.pdf
Draft Genome Sequences of Two Fusarium oxysporum Isolates Cultured from Infected Zinnia hybrida Plants Grown on the,/assets/papers/e00326-18.pdf
Draft Genome Sequence of a Clinical Isolate of Fusarium fujikuroi Isolated from a Male Patient with Acute Myeloid,/assets/papers/e00476-18.pdf
Draft Genome Sequences of Two Aspergillus fumigatus Strains Isolated from the International Space Station,/assets/papers/e00553-16.pdf
Draft Genome Sequences from a Novel Clade of Bacillus cereus Sensu Lato,/assets/papers/e00680-17.pdf
"Draft Genome Sequence of Solibacillus kalamii, Isolated from an Air Filter",/assets/papers/e00696-17.pdf
Complete Genome Sequence of Carnobacterium gilichinskyi Strain WN1359T (DSM 27470T),/assets/papers/e00985-13.pdf
Draft Genome Sequences of Biosafety Level 2 Opportunistic Pathogens Isolated from the Environmental Surfaces of the International Space,/assets/papers/e01263-16.pdf
Draft Genome Sequences of Acinetobacter and Bacillus Strains Isolated from Spacecraft-Associated Surfaces,/assets/papers/e01554-17.pdf
Cultivation in Space Flight Produces Minimal Alterations in the Susceptibility,/assets/papers/e01584-17.pdf
Draft Genome Sequences of Several Fungal Strains Selected for Exposure to,/assets/papers/e01602-16.pdf
The signaling lipid sphingosine 1 phosphate regulates mechanical pain,/assets/papers/elife-33285.pdf
The AUX1-AFB1- CNGC14 module establishes a longitudinal root surface,/assets/papers/elife-85193.pdf
Bone Marrow Leptin Signaling Mediates Obesity Associated Adipose Tissue Inflammation in Male Mice,/assets/papers/endo0040.pdf
The 14-3-3 proteins of Arabidopsis regulate root growth and chloroplast development as components of the photosensory,/assets/papers/ers022.pdf
Natural variation in the expression of ORGANIC CATION TRANSPORTER 1 affects root length responses to,/assets/papers/eru444.pdf
Brassinazole resistant 1 (BZR1)-dependent brassinosteroid signalling pathway leads to ectopic activation of,/assets/papers/erv316.pdf
Wortmannin-induced vacuole fusion enhances amyloplast dynamics in Arabidopsis zigzag1 hypocotyls,/assets/papers/erw418.pdf
The Evolution of Temperature and Desiccation-Related Protein Families in Tardigrada Reveals a Complex,/assets/papers/evad217.pdf
Brassinosteroids Inhibit Autotropic Root Straightening by Modifying,/assets/papers/fpls-11-00005.pdf
thaliana in Spaceﬂight Microgravity Network Analysis of Gene Transcriptions of Arabidopsis,/assets/papers/genes-12-00337.pdf
Detection of Genes in Arabidopsis thaliana L. Responding to DNA Damage from Radiation and Other Stressors,/assets/papers/genes-12-00938.pdf
Detection of Target Genes for Drug Repurposing to Treat Skeletal Muscle Atrophy in Mice Flown in Spaceﬂight,/assets/papers/genes-13-00473.pdf
Simulated Microgravity Alters Gene Regulation Linked to Immunity and Cardiovascular Disease,/assets/papers/genes-15-00975 (1).pdf
Simulated Microgravity Alters Gene Regulation Linked to Immunity and Cardiovascular Disease,/assets/papers/genes-15-00975.pdf
Sciences data Celebr a ting 30 years of access to NASA Space Life,/assets/papers/giae066 (1).pdf
Sciences data Celebr a ting 30 years of access to NASA Space Life,/assets/papers/giae066.pdf
NASA GeneLab: interfaces for the exploration of space omics data,/assets/papers/gkaa887.pdf
NASA open science data repository: open science for life in space,/assets/papers/gkae1116.pdf
"Transcriptomics, NF-κB Pathway, and Their Potential Spaceﬂight-Related Health Consequences",/assets/papers/ijms-18-01166.pdf
Spaceﬂight Activates Autophagy Programs and the Proteasome in Mouse Liver,/assets/papers/ijms-18-02062.pdf
Dose- and Ion-Dependent Effects in the Oxidative Stress Response to Space-Like Radiation Exposure in,/assets/papers/ijms-18-02117.pdf
Redox Signaling and Its Impact on Skeletal and Vascular Responses to Spaceﬂight,/assets/papers/ijms-18-02153.pdf
Impact of Spaceﬂight and Artiﬁcial Gravity on the Mouse Retina: Biochemical and Proteomic Analysis,/assets/papers/ijms-19-02546.pdf
"Reactivation of Latent Epstein-Barr Virus A Comparison after Exposure to Gamma, Proton",/assets/papers/ijms-19-02961.pdf
"Synergistic Effects of Weightlessness, Isoproterenol and Radiation on DNA Damage Response and",/assets/papers/ijms-19-03689.pdf
Effects of Space Flight on Mouse Liver versus Kidney Gene Pathway Analyses,/assets/papers/ijms-19-04106.pdf
Proteomic Analysis of Mouse Brain Subjected to Spaceﬂight,/assets/papers/ijms-20-00007.pdf
HSFA2 Functions in the Physiological Adaptation of Undifferentiated Plant Cells to Spaceﬂight,/assets/papers/ijms-20-00390.pdf
GeneLab Database Analyses Suggest Long-Term,/assets/papers/ijms-20-00661.pdf
Mice Exposed to Combined Chronic Low-Dose Irradiation and Modeled Microgravity Develop,/assets/papers/ijms-20-04094.pdf
Arabidopsis thaliana Seedling Roots Using GCaMP3 Cell Type-Speciﬁc Imaging of Calcium Signaling in,/assets/papers/ijms-21-06385-v2.pdf
Changes in Nuclear Shape and Gene Expression in Response to Simulated Microgravity Are,/assets/papers/ijms-21-06762.pdf
Spaceﬂight Modulates the Expression of Key Oxidative Stress and Cell Cycle Related Genes in Heart,/assets/papers/ijms-22-09088-v2.pdf
Mammalian and Invertebrate Models as Complementary Tools for Gaining Mechanistic Insight on Muscle Responses,/assets/papers/ijms-22-09470.pdf
Extraterrestrial Gynecology: Could Spaceﬂight Increase the Risk of Developing Cancer in Female Astronauts?,/assets/papers/ijms-23-07465-v2.pdf
Space Microgravity Alters Neural Stem Cell Division Implications for Brain Cancer Research on Earth and in Space,/assets/papers/ijms-23-14320.pdf
A New Role of NAP1L1 in Megakaryocytes and Human Platelets,/assets/papers/ijms-23-14694.pdf
Low-Speed Clinorotation of Brachypodium distachyon and Arabidopsis thaliana Seedlings Triggers Root Tip Curvatures,/assets/papers/ijms-24-01540.pdf
Evidence of Spaceﬂight-Induced Adverse Effects on Photoreceptors and Retinal Function in the Mouse Eye,/assets/papers/ijms-24-07362.pdf
"The Impact of SRT2104 on Skeletal Muscle Mitochondrial Function, Redox Biology, and Loss of Muscle Mass in Hindlimb",/assets/papers/ijms-24-11135.pdf
Spaceﬂight-Induced Gene Expression Proﬁles in the Mouse Brain Are Attenuated by Treatment with the Antioxidant BuOE,/assets/papers/ijms-24-13569.pdf
Bone Marrow Adipose Tissue Is Not Required for Reconstitution of the Immune System Following Irradiation in Male Mice,/assets/papers/ijms-25-01980.pdf
Effect of Simulated Cosmic Radiation on Cytomegalovirus Reactivation and Lytic Replication,/assets/papers/ijms-25-10337 (1).pdf
Effect of Simulated Cosmic Radiation on Cytomegalovirus Reactivation and Lytic Replication,/assets/papers/ijms-25-10337.pdf
Artificial Gravity Attenuates the Transcriptomic Response to Spaceflight in the Optic Nerve and Retina,/assets/papers/ijms-25-12041.pdf
Brassica napus L. and Their Potential Roles in Clubroot Disease Genome-Wide Analysis of the PERK Gene Family in,/assets/papers/ijms-26-02685.pdf
Microgravity and Cellular Biology: Insights into Cellular Responses and Implications for Human Health,/assets/papers/ijms-26-03058.pdf
Molecular Mechanism of Microgravity-Induced Intestinal Flora Dysbiosis on the Abnormalities of Liver and Brain Metabolism,/assets/papers/ijms-26-03094.pdf
Focal enhancement of the skeleton to exercise correlates with responsivity of bone marrow mesenchymal stem cells rather than,/assets/papers/jeb118729.pdf
Ionizing Radiation Stimulates Expression of Pro-Osteoclastogenic Genes in Marrow,/assets/papers/jir.2014.0152.pdf
Journal of Anatomy,/assets/papers/joa0226-0224.pdf
"Naganishia tulchinskyi, the First Novel Eukaryote Isolated from Genomic Characterization of the Titan-like Cell Producing",/assets/papers/jof-08-00165.pdf
Real-time In Vivo Recording of Arabidopsis Calcium Signals During Insect Feeding Using a Fluorescent Biosensor,/assets/papers/jove-126-56142.pdf
The fast and the furious: rapid long-range signaling in plants,/assets/papers/kiaa098.pdf
submergence and anoxia stress responses,/assets/papers/kiac375.pdf
Spatial and temporal localization of SPIRRIG and WAVE/SCAR reveal roles for these proteins in,/assets/papers/koab115.pdf
"The effect of spaceﬂight on mouse olfactory bulb volume, neurogenesis, and cell death indicates the protective effect of novel environment",/assets/papers/latchney-et-al-2014-the-effect-of-spaceflight-on-mouse-olfactory-bulb-volume-neurogenesis-and-cell-death-indicates-the.pdf
EUK-134 ameliorates nNOS(cid:2) translocation and skeletal muscle ﬁber atrophy during short-term mechanical unloading,/assets/papers/lawler-et-al-2014-euk-134-ameliorates-nnosμ-translocation-and-skeletal-muscle-fiber-atrophy-during-short-term.pdf
Host-Microbe Interactions in Microgravity Assessment and Implications,/assets/papers/life-04-00250.pdf
Simultaneous Exposure of Cultured Human Lymphoblastic Cells to Simulated Microgravity and,/assets/papers/life-10-00187.pdf
Approaching Gravity as a Continuum Using the Rat Partial Weight-Bearing Model,/assets/papers/life-10-00235.pdf
Mechanotransduction in Prokaryotes: A Possible Mechanism of Spaceﬂight Adaptation,/assets/papers/life-11-00033.pdf
Knowledge Network Embedding of Transcriptomic Data from Spaceﬂown Mice Uncovers Signs and Symptoms Associated,/assets/papers/life-11-00042.pdf
"Candida Albicans, in the Microgravity Environment of the Growth and Antifungal Resistance of the Pathogenic Yeast",/assets/papers/life-11-00283.pdf
Evaluating Ocular Response in the Retina and Optic Nerve Head after Single and Fractionated High-Energy Protons,/assets/papers/life-11-00849.pdf
Simulated Microgravity Promotes Horizontal Gene Transfer of Antimicrobial Resistance Genes between Bacterial Genera in,/assets/papers/life-11-00960.pdf
Arabidopsis Roots Uncovering Transcriptional Responses to Fractional Gravity in,/assets/papers/life-11-01010.pdf
Spatial Characterization of Microbial Communities on Multi-Species Leafy Greens Grown Simultaneously in the,/assets/papers/life-11-01060.pdf
Response of Arabidopsis thaliana and Mizuna Mustard Seeds to Simulated Space Radiation Exposures,/assets/papers/life-12-00144.pdf
Understanding the Complexities and Changes of the Astronaut Microbiome for Successful Long-Duration Space Missions,/assets/papers/life-12-00495.pdf
CAMDLES: CFD-DEM Simulation of Microbial Communities in Spaceﬂight and Artiﬁcial Microgravity,/assets/papers/life-12-00660.pdf
Enabling Clonal Analyses of Yeast in Outer Space by Encapsulation and Desiccation in Hollow Microparticles,/assets/papers/life-12-01168.pdf
"on Escherichia coli Growth, Phenotype, and Sensitivity Simulated Micro-, Lunar, and Martian Gravities on Earth—Effects",/assets/papers/life-12-01399.pdf
Mars g-Levels Red Light Enhances Plant Adaptation to Spaceﬂight and,/assets/papers/life-12-01484.pdf
Lipid Rafts and Plant Gravisensitivity,/assets/papers/life-12-01809.pdf
Mitochondria-Targeted Human Catalase in the Mouse Longevity MCAT Model Mitigates Head-Tilt Bedrest-Induced,/assets/papers/life-12-01838.pdf
Utilizing the KSC Fixation Tube to Conduct Human-Tended Plant Biology Experiments on a Suborbital Spaceﬂight,/assets/papers/life-12-01871.pdf
A Compact Imaging Platform for Conducting C. elegans Phenotypic Assays on Earth and in Spaceﬂight,/assets/papers/life-13-00200.pdf
Designing a Novel Monitoring Approach for the Effects of Space Travel on Astronauts’ Health,/assets/papers/life-13-00576.pdf
Brachypodium distachyon Seedlings Display Accession-Speciﬁc Morphological and Transcriptomic Responses to the,/assets/papers/life-13-00626.pdf
Morphology of Penicillium rubens Bioﬁlms Formed in Space,/assets/papers/life-13-01001.pdf
"Sclerosis and Space Flight. Life 2022, 12, 797 Progenitors by Microgravity: Implications for Multiple",/assets/papers/life-13-02051.pdf
bioremediation potential reveals antimicrobial resistance reservoir and,/assets/papers/lxaf076.pdf
Contributions of Spore Secondary Metabolites to UV-C Protection and Virulence Vary in Different Aspergillus,/assets/papers/mBio.03415-19.pdf
Characterization of Aspergillus niger Isolated from the International Space Station,/assets/papers/mSystems.00112-18.pdf
KatharoSeq Enables High-Throughput Microbiome Analysis from Low-Biomass Samples,/assets/papers/mSystems.00218-17.pdf
Genomic Characterization and Virulence Potential of Two Fusarium oxysporum Isolates Cultured from the International,/assets/papers/mSystems.00345-18.pdf
Toward countering muscle and bone loss with spaceﬂight: GSK3 as a potential target,/assets/papers/main (1).pdf
Medical Hypotheses,/assets/papers/main (10).pdf
NASA GeneLab RNA-seq consensus pipeline standardized processing of short-read RNA,/assets/papers/main (11).pdf
Beyond Low-Earth Orbit: Characterizing Immune and microRNA Differentials following Simulated,/assets/papers/main (12).pdf
RNAseq Analysis of Rodent Spaceﬂight Experiments Is Confounded by Sample Collection,/assets/papers/main (13).pdf
Sports Medicine and Health Science,/assets/papers/main (14).pdf
Caenorhabditis elegans in microgravity An omics perspective,/assets/papers/main (15).pdf
Spaceﬂight affects neuronal morphology and alters transcellular degradation of neuronal debris,/assets/papers/main (16).pdf
"Turbidity matters: differential effect of a 2,4-D formulation on the structure of microbial communities from clear and turbid freshwater systems",/assets/papers/main (17).pdf
Telomere length assessments of muscle stem cells in rodent and human skeletal muscle,/assets/papers/main (18).pdf
Medical Hypotheses,/assets/papers/main (19).pdf
Preclinical development of TAK-754 a high-performance AAV8-based vector,/assets/papers/main (2).pdf
NASA GeneLab RNA-seq consensus pipeline standardized processing of short-read RNA,/assets/papers/main (20).pdf
Challenges and considerations for single-cell and spatially resolved transcriptomics sample,/assets/papers/main (21).pdf
Beyond Low-Earth Orbit: Characterizing Immune and microRNA Differentials following Simulated,/assets/papers/main (22).pdf
RNAseq Analysis of Rodent Spaceﬂight Experiments Is Confounded by Sample Collection,/assets/papers/main (23).pdf
Sports Medicine and Health Science,/assets/papers/main (24).pdf
Sports Medicine and Health Science,/assets/papers/main (25).pdf
Blood Flow Restriction Training: A Tool to Enhance Rehabilitation and Build Athlete Resiliency,/assets/papers/main (26).pdf
Caenorhabditis elegans in microgravity An omics perspective,/assets/papers/main (27).pdf
Bone Reports,/assets/papers/main (28).pdf
Bone Reports,/assets/papers/main (29).pdf
NASA GeneLab RNA-seq consensus pipeline standardized processing of short-read RNA,/assets/papers/main (3).pdf
Spaceﬂight affects neuronal morphology and alters transcellular degradation of neuronal debris,/assets/papers/main (30).pdf
NASA GeneLab RNA-seq consensus pipeline standardized processing of short-read RNA,/assets/papers/main (4).pdf
Drosophila parasitoids go to space: Unexpected,/assets/papers/main (5).pdf
Drosophila parasitoids go to space: Unexpected,/assets/papers/main (6).pdf
Recent transcriptomic studies to elucidate the plant adaptive response to spaceﬂight,/assets/papers/main (7).pdf
The Importance of Earth Reference Controls in Spaceﬂight -Omics Research: Characterization of,/assets/papers/main (8).pdf
Telomere length assessments of muscle stem cells in rodent and human skeletal muscle,/assets/papers/main (9).pdf
Muscle atrophy phenotype gene expression during spaceﬂight is linked to a metabolic crosstalk,/assets/papers/main.pdf
Cryptococcus albidus meningitis,/assets/papers/medi-104-e42125.pdf
Mannose Receptor Deﬁciency Impacts Bone Marrow and Circulating Immune Cells during High Fat Diet Induced Obesity,/assets/papers/metabolites-12-01205.pdf
Three-Dimensional Kidney-on-a-Chip Assessment of Contrast-Induced Kidney Injury: Osmolality and Viscosity,/assets/papers/micromachines-13-00688.pdf
"Microbial Burden Estimation of Food Items, Built Environments and the International Space Station Using Film Media",/assets/papers/microorganisms-10-01714.pdf
Sequencing the Genomes of the First Terrestrial Fungal Lineages: What Have We Learned?,/assets/papers/microorganisms-11-01830.pdf
"Draft genome sequence of Sphingomonas paucimobilis strain Sph5, isolated from tap water filtration membrane",/assets/papers/mra.00345-23.pdf
Workshop and Follow-On Activities”,/assets/papers/msystems.00273-21.pdf
Effects of age and exercise training on coronary microvascular smooth muscle phenotype and function,/assets/papers/muller-delp-et-al-2018-effects-of-age-and-exercise-training-on-coronary-microvascular-smooth-muscle-phenotype-and.pdf
HHS Public Access,/assets/papers/n-3 Polyunsaturated fatty acids supplementation in peripheral artery disease the OMEGA-PAD trial.pdf
HHS Public Access,/assets/papers/nihms-1066938.pdf
HHS Public Access,/assets/papers/nihms-1518386 (1).pdf
HHS Public Access,/assets/papers/nihms-1518386.pdf
HHS Public Access,/assets/papers/nihms-1531213.pdf
HHS Public Access,/assets/papers/nihms-1545090 (1).pdf
HHS Public Access,/assets/papers/nihms-1545090.pdf
HHS Public Access,/assets/papers/nihms-1545138.pdf
HHS Public Access,/assets/papers/nihms-1645808.pdf
HHS Public Access,/assets/papers/nihms-1698635.pdf
HHS Public Access,/assets/papers/nihms-1703503.pdf
HHS Public Access,/assets/papers/nihms-1718152.pdf
HHS Public Access,/assets/papers/nihms-1745158.pdf
HHS Public Access,/assets/papers/nihms-1838736.pdf
HHS Public Access,/assets/papers/nihms-1859904.pdf
HHS Public Access,/assets/papers/nihms-1881633.pdf
HHS Public Access,/assets/papers/nihms-1980322.pdf
HHS Public Access,/assets/papers/nihms-1991549.pdf
NIH Public Access,/assets/papers/nihms-361876.pdf
HHS Public Access,/assets/papers/nihms-837856.pdf
HHS Public Access,/assets/papers/nihms-987236.pdf
HHS Public Access,/assets/papers/nihms-989173.pdf
NIH Public Access,/assets/papers/nihms196166.pdf
NIH Public Access,/assets/papers/nihms538200.pdf
HHS Public Access,/assets/papers/nihms549401.pdf
NIH Public Access,/assets/papers/nihms575269.pdf
NIH Public Access,/assets/papers/nihms604546.pdf
NIH Public Access,/assets/papers/nihms611414.pdf
HHS Public Access,/assets/papers/nihms665518.pdf
HHS Public Access,/assets/papers/nihms838977.pdf
HHS Public Access,/assets/papers/nihms843552.pdf
HHS Public Access,/assets/papers/nihms866074.pdf
HHS Public Access,/assets/papers/nihms868218.pdf
NASA Public Access,/assets/papers/nihms915018.pdf
HHS Public Access,/assets/papers/nihms924608.pdf
HHS Public Access,/assets/papers/nihms925100.pdf
NASA Public Access,/assets/papers/nihms926549.pdf
NASA Public Access,/assets/papers/nihms926550 (1).pdf
NASA Public Access,/assets/papers/nihms926550 (2).pdf
NASA Public Access,/assets/papers/nihms926550.pdf
Importance,/assets/papers/nihpp-2025.02.25.640044v1.pdf
Caenorhabditis elegans by Altering Metabolic Tart Cherry Increases Lifespan in,/assets/papers/nutrients-12-01482.pdf
In Silico Analysis of a Drosophila Parasitoid Venom Peptide Reveals Prevalence of the Cation–Polar–Cation Clip Motif in,/assets/papers/pathogens-12-00143.pdf
Spaceflight decelerates the epigenetic clock,/assets/papers/pbab012.pdf
"Genome and clonal hematopoiesis stability contrasts with immune, cfDNA, mitochondrial, and telomere",/assets/papers/pbae007.pdf
Gravitropic Hypocotyl Curvature of Brassica rapa Transcription Proﬁle of Auxin Related Genes during Positively,/assets/papers/plants-11-01191.pdf
Bread Wheat in Space Flight: Is There a Difference in Kernel Quality?,/assets/papers/plants-13-00073.pdf
HLB1 Is a Tetratricopeptide Repeat Domain-Containing Protein That Operates at the Intersection of the Exocytic and,/assets/papers/plcell_v28_3_746.pdf
ERULUS Is a Plasma Membrane-Localized Receptor-Like Kinase That Specifies Root Hair Growth by Maintaining,/assets/papers/plcell_v30_6_1173.pdf
A member of the CONSTANS-Like protein family is a putative regulator of reactive oxygen species homeostasis,/assets/papers/ply075.pdf
"low pressure, temperature, and anoxic atmosphere has Growth of Carnobacterium spp. from permafrost under",/assets/papers/pnas.201209793.pdf
Arabidopsis thaliana with a preference for anions MscS-Like10 is a stretch-activated ion channel from,/assets/papers/pnas.201213931.pdf
waves are associated with,/assets/papers/pnas.201319955.pdf
Evidence for extensive horizontal gene transfer from the draft genome of a tardigrade,/assets/papers/pnas.201510461.pdf
Arabidopsis thaliana help to establish the size REDUCED CHLOROPLAST COVERAGE genes from,/assets/papers/pnas.201515741.pdf
"Phosphoinositides control the localization of HOPS subunit VPS41, which together with VPS33",/assets/papers/pnas.201807763 (1).pdf
"Phosphoinositides control the localization of HOPS subunit VPS41, which together with VPS33",/assets/papers/pnas.201807763.pdf
Symbiotic organs shaped by distinct modes of genome evolution in cephalopods,/assets/papers/pnas.201817322.pdf
"Swim exercise in Caenorhabditis elegans extends neuromuscular and gut healthspan, enhances learning",/assets/papers/pnas.201909210.pdf
during pattern-triggered immunity in Arabidopsis thaliana,/assets/papers/pnas.202004183.pdf
Mitochondrial sulfide promotes life span and health span through distinct mechanisms in developing versus,/assets/papers/pnas.202216141.pdf
37-Day microgravity exposure in 16-Week female C57BL/6J mice is associated,/assets/papers/pone.0317307.pdf
Development of a size-separation technique to isolate Caenorhabditis elegans embryos using,/assets/papers/pone.0318143.pdf
Effects of skeletal unloading on the vasomotor properties of the rat femur principal nutrient artery,/assets/papers/prisby-et-al-2015-effects-of-skeletal-unloading-on-the-vasomotor-properties-of-the-rat-femur-principal-nutrient-artery.pdf
Effects of mechanostimulation on gravitropism and signal persistence in flax roots,/assets/papers/psb0609_1365.pdf
Changes in the distribution and function of leukocytes after whole-body iron ion irradiation,/assets/papers/rrw051.pdf
Impact of microgravity and lunar,/assets/papers/s41598-024-79315-0.pdf
Differential Single Cell Responses of Embryonic Stem Cells Versus Embryoid Bodies to Gravity Mechanostimulation,/assets/papers/scd.2022.0037.pdf
Piezo1 regulates the regenerative capacity of skeletal muscles via orchestration of stem cell,/assets/papers/sciadv.abn0485.pdf
Spaceﬂight on the Bion-M1 biosatellite alters cerebral artery vasomotor and mechanical properties in mice,/assets/papers/sofronova-et-al-2015-spaceflight-on-the-bion-m1-biosatellite-alters-cerebral-artery-vasomotor-and-mechanical-properties.pdf
Identification and characterization of a skin microbiome on Caenorhabditis elegans suggests environmental microbes confer,/assets/papers/spectrum.00169-24.pdf
Metabolic model predictions enable targeted microbiome manipulation through precision prebiotics,/assets/papers/spectrum.01144-23.pdf
Genomic analysis reveals the presence of emerging pathogenic Klebsiella lineages aboard the International Space Station,/assets/papers/spectrum.01897-23.pdf
Genomic Characterization of Potential Plant Growth-Promoting Features of Sphingomonas Strains Isolated from the,/assets/papers/spectrum.01994-21.pdf
Spaceﬂight-induced synaptic modiﬁcations within hair cells of the mammalian utricle,/assets/papers/sultemeier-et-al-2017-spaceflight-induced-synaptic-modifications-within-hair-cells-of-the-mammalian-utricle.pdf
The Last Mile in Beta-Cell Replacement Therapy for Type,/assets/papers/ti-38-14565.pdf
The role of alterations in mitochondrial dynamics and PGC-1α over-expression in fast muscle atrophy following,/assets/papers/tjp0593-1981.pdf
Inhibition of Cytomegalovirus by Pentacta pygmaea Fucosylated Chondroitin Sulfate Depends on Its Molecular Weight,/assets/papers/viruses-15-00859.pdf
Partial weight suspension: a novel murine model for investigating adaptation to reduced musculoskeletal loading,/assets/papers/wagner-et-al-2010-partial-weight-suspension-a-novel-murine-model-for-investigating-adaptation-to-reduced.pdf
Biocontrol in built environments to reduce pathogen exposure and infection risk,/assets/papers/wrad024.pdf
Sigma S-Dependent Antioxidant Defense Protects Stationary-Phase Escherichia coli against the Bactericidal Antibiotic Gentamicin,/assets/papers/zac5964.pdf
Resistance of Bacillus subtilis Spore DNA to Lethal Ionizing Radiation Damage Relies Primarily on Spore Core Components and DNA,/assets/papers/zam104.pdf
"Exposure of Bacillus subtilis to Low Pressure (5 Kilopascals) Induces Several Global Regulons, Including Those Involved in the SigB",/assets/papers/zam4788.pdf
Trimeric Structure of ((cid:2))-Pinoresinol-forming Dirigent Protein at 1.95 Å Resolution with Three Isolated Active Sites*,/assets/papers/zbc1308.pdf
Identiﬁcation of Critical Host Mitochondrion-Associated Genes during Ehrlichia chaffeensis Infections,/assets/papers/zii3576.pdf
Proteomic Study of Microsomal Proteins Reveals a Key Role for Arabidopsis Annexin 1,/assets/papers/zjw686.pdf
αKlotho decreases after reduced weight-bearing from both spaceﬂight and hindlimb unloading,/assets/papers/Œ±Klotho decreases after reduced weight-bearing from both spaceflight and hindlimb unloading.pdf
